Model,cond((Int)),disp((Int)),cond(scale(lc_developed)),cond(scale(lc_forest)),cond(scale(lc_grassland)),df,logLik,AICc,delta,weight,Dataset,species
250 meter buffer,-0.5940061725567014,+,-0.22455623444186476,-0.16654596600080412,-0.03388868182810753,5,-456.39511384269935,923.0557144110624,0,0.914581004235674,osm_anthro_df_2021_2022,bear
500 meter buffer,-0.5921418832555684,+,-0.12596244096782952,-0.06202009510598381,0.0189681861922514,5,-460.98988803947867,932.245262804621,9.189548393558653,0.00924138572596055,osm_anthro_df_2021_2022,bear
1000 meter buffer,-0.5902569716355748,+,-0.089927574552472,0.008256352909081825,-0.032115782753016464,5,-461.08128431402145,932.4280553537066,9.3723409426442,0.008434205917646,osm_anthro_df_2021_2022,bear
1250 meter buffer,-0.5899129799276043,+,-0.09248091854994607,-0.00978906525677699,-0.03520474558822415,5,-461.14604074561953,932.5575682169027,9.50185380584037,0.00790534520267333,osm_anthro_df_2021_2022,bear
750 meter buffer,-0.5913419787190085,+,-0.10334652792296566,-0.005930996194258643,-7.372825798791135e-4,5,-461.41516668736875,933.0958201004012,10.040105689338816,0.00604005547713782,osm_anthro_df_2021_2022,bear
1500 meter buffer,-0.5892872181972363,+,-0.08210297293164676,-0.007234420483686418,-0.028484293153206063,5,-461.54498010529784,933.3554469362593,10.299732525196987,0.00530473479305399,osm_anthro_df_2021_2022,bear
2000 meter buffer,-0.5885889541366587,+,-0.06772305564717557,0.02071039066465943,-0.029079206075629707,5,-461.6239754066524,933.5134375389684,10.457723127906092,0.00490180976918688,osm_anthro_df_2021_2022,bear
2250 meter buffer,-0.5881482677541391,+,-0.061757955812989235,0.02095373041252332,-0.03548692716504686,5,-461.6913799399071,933.6482466054779,10.592532194415526,0.00458229490834564,osm_anthro_df_2021_2022,bear
2500 meter buffer,-0.5882894552482517,+,-0.06528587544322989,0.017800095160793245,-0.02745812743896559,5,-461.79850117090933,933.8624890674823,10.806774656419975,0.00411681050104479,osm_anthro_df_2021_2022,bear
1750 meter buffer,-0.5888792155984512,+,-0.06971220012223818,0.008760171838392266,-0.022305473489822928,5,-461.83271417381417,933.930915073292,10.875200662229645,0.00397834423116906,osm_anthro_df_2021_2022,bear
2750 meter buffer,-0.5889257623735765,+,-0.07668298229840326,0.014033316529374723,-0.005435399884116035,5,-461.8822043179349,934.0298953615335,10.974180950471123,0.00378624804226569,osm_anthro_df_2021_2022,bear
3000 meter buffer,-0.5889580147563215,+,-0.07805944142817524,0.008553426305783462,-0.003675240240691517,5,-461.9418216359905,934.1491299976446,11.093415586582296,0.00356711893240674,osm_anthro_df_2021_2022,bear
3500 meter buffer,-0.5892279521926539,+,-0.0839803061941015,-0.015144121733799726,4.5161734956027804e-4,5,-462.0006205231846,934.2667277720328,11.211013360970469,0.00336342352349601,osm_anthro_df_2021_2022,bear
3750 meter buffer,-0.5894917722059754,+,-0.08584490794554943,-0.02424901145176908,0.005761592387943861,5,-462.01076932040985,934.2870253664834,11.231310955421009,0.00332946144878005,osm_anthro_df_2021_2022,bear
3250 meter buffer,-0.589014184967057,+,-0.07954595308914846,-0.004495071350745989,-0.0014421209098366247,5,-462.04644902453543,934.3583847747345,11.302670363672178,0.0032127615385781,osm_anthro_df_2021_2022,bear
4000 meter buffer,-0.5898104471573787,+,-0.0862976927795573,-0.02875207096245408,0.014787616900181292,5,-462.0493363914672,934.364159508598,11.308445097535696,0.0032034984964881,osm_anthro_df_2021_2022,bear
4250 meter buffer,-0.5900127597217794,+,-0.0811635552481279,-0.0344586981169251,0.0192829301435167,5,-462.1780696001742,934.621625926012,11.565911514949676,0.00281654310602607,osm_anthro_df_2021_2022,bear
4500 meter buffer,-0.5900675767870436,+,-0.07534982115834112,-0.042564860600423464,0.019578413732559023,5,-462.2520503105145,934.7695873466927,11.71387293563032,0.0026156943124167,osm_anthro_df_2021_2022,bear
5000 meter buffer,-0.5896615803027954,+,-0.06409368750558642,-0.05588304714472865,0.002086233014372793,5,-462.2547377364183,934.7749621985002,11.719247787437894,0.00260867426491892,osm_anthro_df_2021_2022,bear
4750 meter buffer,-0.5896031776657815,+,-0.06501600798623086,-0.04835662810297767,0.004621129807834949,5,-462.3337101900041,934.9329071056719,11.877192694609562,0.00241058557273152,osm_anthro_df_2021_2022,bear
250 meter buffer,-5.039743696940077,+,-0.0792052909234369,0.22176828493405423,-0.15411729237609562,5,-150.5854180837272,311.43632289311813,0,0.221516248776374,osm_anthro_df_2021_2022,caribou
1250 meter buffer,-5.073362559659187,+,-0.4757358371293093,0.11828433879138166,-0.1206114352681207,5,-151.19894651522438,312.6633797561125,1.2270568629943455,0.119937108936793,osm_anthro_df_2021_2022,caribou
1500 meter buffer,-5.073111151514043,+,-0.4644217341945584,0.12161639236749865,-0.1427926540673728,5,-151.2090225543973,312.68353183445834,1.2472089413402045,0.118734685932644,osm_anthro_df_2021_2022,caribou
500 meter buffer,-5.0206000548147465,+,0.02154319509568305,0.23999553453706624,-0.12290175578700613,5,-151.38834066534514,313.042168056354,1.6058451632358697,0.0992431960022224,osm_anthro_df_2021_2022,caribou
750 meter buffer,-5.0229800212443525,+,-0.10813319499622873,0.19759262003718903,-0.1522461361711364,5,-151.56610024590626,313.39768721747623,1.961364324358101,0.083080812818365,osm_anthro_df_2021_2022,caribou
1750 meter buffer,-5.073948188231659,+,-0.5221211745021517,0.10618145458441507,-0.10122005779157571,5,-151.6440760065559,313.55363873877553,2.1173158456574015,0.0768486591243067,osm_anthro_df_2021_2022,caribou
1000 meter buffer,-5.039413081776297,+,-0.3312304908287024,0.1421414842878543,-0.09792317661907718,5,-151.91913135670322,314.10374943907016,2.6674265459520257,0.0583688683631669,osm_anthro_df_2021_2022,caribou
2000 meter buffer,-5.036071660091265,+,-0.41612035366056654,0.09046714817243777,-0.08011250684521132,5,-152.5765628783556,315.4186124823749,3.982289589256766,0.0302456130274261,osm_anthro_df_2021_2022,caribou
4750 meter buffer,-5.016494466297163,+,0.022124722996247743,-0.050299763850278234,-0.20895635057956027,5,-152.91498406884355,316.0954548633508,4.659131970232693,0.0215619450917521,osm_anthro_df_2021_2022,caribou
4500 meter buffer,-5.021823552919098,+,0.09100184516215518,-0.03888772347188552,-0.21200636539813753,5,-152.95226088967797,316.17000850501967,4.733685611901535,0.0207729807267821,osm_anthro_df_2021_2022,caribou
2250 meter buffer,-5.017427726459175,+,-0.33761804235327614,0.07488764389194251,-0.08964833899416905,5,-152.98095783597867,316.22740239762106,4.791079504502932,0.0201853318066869,osm_anthro_df_2021_2022,caribou
5000 meter buffer,-5.020684531160448,+,0.09191273438094913,-0.0598315190355851,-0.19529503169302953,5,-153.01086630340106,316.28721933246584,4.850896439347707,0.0195905581872172,osm_anthro_df_2021_2022,caribou
4250 meter buffer,-5.017736654802242,+,0.10874223330755294,-0.03548460960970392,-0.18805158153677232,5,-153.13335462942266,316.53219598450903,5.095873091390899,0.0173320848425731,osm_anthro_df_2021_2022,caribou
2500 meter buffer,-5.007386756933539,+,-0.2940708799458285,0.05785025517721394,-0.09180165646454393,5,-153.20634195774014,316.678170641144,5.241847748025862,0.0161121246221678,osm_anthro_df_2021_2022,caribou
2750 meter buffer,-5.002109628668822,+,-0.26287405521000135,0.043151888533869656,-0.09703247058526719,5,-153.31600872976168,316.8975041851871,5.461181292068943,0.0144386017732217,osm_anthro_df_2021_2022,caribou
4000 meter buffer,-5.014756973234113,+,0.12757463065021266,-0.03837753512456116,-0.15636929712926254,5,-153.3352886260335,316.9360639777307,5.4997410846125945,0.0141628933836452,osm_anthro_df_2021_2022,caribou
3750 meter buffer,-4.9956395286561,+,-0.01349520500388215,-0.023504821260828933,-0.13742783162387173,5,-153.45547582686038,317.1764383793845,5.7401154862663475,0.0125590083081875,osm_anthro_df_2021_2022,caribou
3500 meter buffer,-4.993128380385837,+,-0.05918197420390325,-0.0017967852814300361,-0.1312367397597129,5,-153.47958236494742,317.22465145555856,5.788328562440427,0.012259874126898,osm_anthro_df_2021_2022,caribou
3000 meter buffer,-4.993431644053545,+,-0.19813163800793843,0.03210852689115236,-0.09638687097288309,5,-153.48458676578292,317.23466025722956,5.798337364111433,0.012198674065119,osm_anthro_df_2021_2022,caribou
3250 meter buffer,-4.988323848155495,+,-0.10344989448664059,0.0151183536953223,-0.10318028393807967,5,-153.60168166181657,317.46885004929686,6.03252715617873,0.0108507300844508,osm_anthro_df_2021_2022,caribou
3750 meter buffer,-1.3687611634814139,+,0.4529572481257489,-0.25045714757379955,-0.07533795678101375,5,-486.11351079556937,982.4925083168024,0,0.192416290579081,osm_anthro_df_2021_2022,coyote
4500 meter buffer,-1.3659975175068046,+,0.47413819452882083,-0.23543294775929624,-0.092235973129451,5,-486.1745049974305,982.6144967205247,0.12198840372229824,0.181030767526777,osm_anthro_df_2021_2022,coyote
4750 meter buffer,-1.3649608956979133,+,0.481114063717026,-0.23059735804878762,-0.09066597298551861,5,-486.1812513101406,982.6279893459449,0.13548102914251103,0.179813587713143,osm_anthro_df_2021_2022,coyote
5000 meter buffer,-1.3637386962174,+,0.48572515491683516,-0.2254750304521822,-0.09148066838320354,5,-486.4594417523016,983.1843702302668,0.6918619134644359,0.136146327970297,osm_anthro_df_2021_2022,coyote
3500 meter buffer,-1.368307176374873,+,0.44835294913186075,-0.24682858524586335,-0.06858494271965691,5,-486.7077758625062,983.681038450676,1.1885301338736554,0.106207649784193,osm_anthro_df_2021_2022,coyote
4250 meter buffer,-1.3672067170032682,+,0.4594486871150357,-0.24044842377318254,-0.08346633941638679,5,-486.9956875964653,984.2568619185943,1.7643536017918677,0.0796374455819771,osm_anthro_df_2021_2022,coyote
4000 meter buffer,-1.3685686526451195,+,0.44943862570198634,-0.24810045581666576,-0.07420348647241637,5,-487.0112916002929,984.2880699262495,1.795561609447077,0.0784044276032653,osm_anthro_df_2021_2022,coyote
3250 meter buffer,-1.3682652109533324,+,0.43310787857370725,-0.24684446050889108,-0.052268276815970786,5,-488.09513054182435,986.4557478093124,3.963239492509956,0.0265237738906306,osm_anthro_df_2021_2022,coyote
3000 meter buffer,-1.3676354568540103,+,0.4248030825863728,-0.24405252994129112,-0.05034903036969035,5,-489.1893122744874,988.6441112746385,6.151602957836076,0.00888051655658374,osm_anthro_df_2021_2022,coyote
1250 meter buffer,-1.3666352421255912,+,0.41729102307272503,-0.18260778985615186,-0.017412911740351485,5,-490.4367848360333,991.1390563977303,8.646548080927914,0.00255074931379601,osm_anthro_df_2021_2022,coyote
1750 meter buffer,-1.3636173148872508,+,0.4389814137893174,-0.16700398363769048,-0.05052876221012035,5,-490.522920278123,991.3113272819097,8.818818965107312,0.0023402358677254,osm_anthro_df_2021_2022,coyote
2750 meter buffer,-1.3662375167658085,+,0.41966818027852515,-0.23052676010715958,-0.05564390262455234,5,-490.9380552239725,992.1415971736087,9.649088856806316,0.00154514348504001,osm_anthro_df_2021_2022,coyote
2000 meter buffer,-1.3632950803087422,+,0.4372304405168782,-0.17570533229036653,-0.07287740816164033,5,-491.2951603215973,992.8558073688582,10.363299052055822,0.00108113528516325,osm_anthro_df_2021_2022,coyote
1500 meter buffer,-1.3653430253124337,+,0.4235780856740177,-0.17158501890527933,-0.028573541026816824,5,-491.3306799080106,992.9268465416849,10.434338224882481,0.00104340780567259,osm_anthro_df_2021_2022,coyote
2250 meter buffer,-1.3642850156753794,+,0.43563565370062446,-0.1913409110807564,-0.08306701756499105,5,-491.41374102853655,993.0929687827368,10.600460465934361,0.000960242878625793,osm_anthro_df_2021_2022,coyote
2500 meter buffer,-1.365243986673012,+,0.4240073334135581,-0.2120976599192541,-0.07098909635655955,5,-491.6407846050379,993.5470559357394,11.054547618937022,0.000765204160376352,osm_anthro_df_2021_2022,coyote
1000 meter buffer,-1.368914464069185,+,0.383817836068655,-0.19602261800668883,0.0090044199364273,5,-491.8013030738285,993.8680928733206,11.37558455651822,0.000651725985362046,osm_anthro_df_2021_2022,coyote
750 meter buffer,-1.370036218622734,+,0.3340027095558939,-0.18619006866055668,0.04805909922867014,5,-497.9675686813273,1006.2006240883182,23.70811577151585,1.36801200978022e-06,osm_anthro_df_2021_2022,coyote
500 meter buffer,-1.3696981817075373,+,0.21101027121894567,-0.19164144611659814,0.039140689781739964,5,-513.3686490733243,1037.0027848723123,54.510276555509904,2.80211322911106e-13,osm_anthro_df_2021_2022,coyote
250 meter buffer,-1.3734894388298498,+,0.14351997171101186,-0.19771733535850114,0.006203178570975488,5,-519.6501301611013,1049.5657470478664,67.07323873106395,5.24171140180377e-16,osm_anthro_df_2021_2022,coyote
2500 meter buffer,-2.968378883981839,+,0.4462479312903191,0.4626472884557555,-0.18883197789632117,5,-278.7345064655133,567.7344996566902,0,0.205241059128762,osm_anthro_df_2021_2022,fisher
3250 meter buffer,-2.964729894480278,+,0.4788544448789625,0.4208578163333459,-0.26410639640896033,5,-278.8745028750768,568.0144924758173,0.27999281912707374,0.178428645631128,osm_anthro_df_2021_2022,fisher
2750 meter buffer,-2.9670045504147167,+,0.4573524601497325,0.4539605804684803,-0.2070439807623507,5,-279.0308190468556,568.3271248193748,0.5926251626846124,0.152608009620806,osm_anthro_df_2021_2022,fisher
3000 meter buffer,-2.9652891614836503,+,0.4730753400620692,0.4321032584033181,-0.2443788403072521,5,-279.06212561572704,568.3897379571177,0.6552383004275271,0.147904387750818,osm_anthro_df_2021_2022,fisher
2250 meter buffer,-2.968783956008517,+,0.42075834230904163,0.4861172824670643,-0.11844449754898119,5,-279.7041250266403,569.6737367789443,1.9392371222540987,0.0778330871416616,osm_anthro_df_2021_2022,fisher
3500 meter buffer,-2.9595540378240126,+,0.45848113015052244,0.4082149691547799,-0.24854140188915877,5,-279.7154074395902,569.696301604844,1.961801948153834,0.0769598773309647,osm_anthro_df_2021_2022,fisher
2000 meter buffer,-2.9709619794410527,+,0.400687198817182,0.5042086284700216,-0.07794105016486942,5,-280.3559088312206,570.9773043881048,3.2428047314145942,0.0405600187188703,osm_anthro_df_2021_2022,fisher
3750 meter buffer,-2.9518480461618406,+,0.43431978182635095,0.3841963574847674,-0.22070439678272002,5,-280.8247232944056,571.9149333144749,4.180433657784647,0.0253801750038798,osm_anthro_df_2021_2022,fisher
4250 meter buffer,-2.949501971433481,+,0.42922586958735026,0.36837293307484875,-0.2412595789114093,5,-280.84607991603474,571.9576465577331,4.223146901042924,0.0248438872403511,osm_anthro_df_2021_2022,fisher
4000 meter buffer,-2.9496035128687597,+,0.4244698044369355,0.3701223601195592,-0.22623897988359087,5,-281.07351550635855,572.4125177383808,4.678018081690539,0.0197899878497548,osm_anthro_df_2021_2022,fisher
4500 meter buffer,-2.9469836779885115,+,0.4115209469692157,0.36720684974007484,-0.21980574277258735,5,-281.50927007392664,573.284026873517,5.549527216826732,0.0127996980152332,osm_anthro_df_2021_2022,fisher
4750 meter buffer,-2.9457196884842864,+,0.3971584242905593,0.36805949476699534,-0.1984924676475857,5,-281.8276847226757,573.9208561710151,6.186356514324871,0.00930923510366224,osm_anthro_df_2021_2022,fisher
1750 meter buffer,-2.9639634746406047,+,0.3641566410136537,0.4814611897898383,-0.043209227563019315,5,-282.3687145284431,575.0029157825498,7.2684161258596305,0.00541935672818324,osm_anthro_df_2021_2022,fisher
5000 meter buffer,-2.9436614982109557,+,0.3765219641420864,0.3686674156570822,-0.16747160818590517,5,-282.4228418502989,575.1111704262614,7.376670769571206,0.00513381887190773,osm_anthro_df_2021_2022,fisher
1250 meter buffer,-2.9681500551924764,+,0.35754137814976206,0.5177533117667286,0.027417552199977085,5,-282.5875460651327,575.4405788559291,7.706079199238843,0.00435422042277551,osm_anthro_df_2021_2022,fisher
1000 meter buffer,-2.980890842130102,+,0.34992001452401245,0.5883084895355151,0.07927382733778854,5,-282.69927610626456,575.6640389381928,7.929539281502571,0.0038939168203734,osm_anthro_df_2021_2022,fisher
750 meter buffer,-2.9881000631865406,+,0.3899083268195085,0.6379614033498633,0.15948496461677078,5,-282.74270584978365,575.750898425231,8.01639876854074,0.00372842466354262,osm_anthro_df_2021_2022,fisher
500 meter buffer,-2.9880474854188006,+,0.43461952297653267,0.6500934652011883,0.248013145968626,5,-282.96468892122164,576.1948645681069,8.460364911416718,0.00298620314949287,osm_anthro_df_2021_2022,fisher
1500 meter buffer,-2.9596998038610973,+,0.35111110447886373,0.46750186794427767,-0.009224150119453434,5,-283.0227235394043,576.3109338044723,8.576434147782038,0.00281783289511219,osm_anthro_df_2021_2022,fisher
250 meter buffer,-2.942422377472358,+,0.28412108496037397,0.42746243844352755,0.22361367506674684,5,-288.86745858893295,588.0004039035296,20.26590424683934,8.15791271939403e-06,osm_anthro_df_2021_2022,fisher
3500 meter buffer,-3.046160599226602,+,-0.27916702930764326,0.005707166416881689,0.35378959535426974,5,-259.37887341340667,529.023233552477,0,0.242663946610904,osm_anthro_df_2021_2022,wolf
3750 meter buffer,-3.046275499760594,+,-0.30137363523571364,-0.014531403936808397,0.348327600521558,5,-259.50906699035363,529.2836207063709,0.2603871538939302,0.213040858977331,osm_anthro_df_2021_2022,wolf
4000 meter buffer,-3.042264045909851,+,-0.331865196299852,-0.025042870645267307,0.3320410182986827,5,-259.7174179901373,529.7003227059382,0.6770891534612247,0.172972560780703,osm_anthro_df_2021_2022,wolf
3250 meter buffer,-3.0340998019110175,+,-0.26426889900833767,0.02266208918788602,0.32036739527719665,5,-260.14644428772436,530.5583753011124,1.5351417486353967,0.112629838496293,osm_anthro_df_2021_2022,wolf
4250 meter buffer,-3.0334459177538715,+,-0.33765275478779627,-0.0410912730487428,0.2989330491203135,5,-260.38600845316773,531.0375036319991,2.0142700795221344,0.088636391333832,osm_anthro_df_2021_2022,wolf
4500 meter buffer,-3.0277101178646153,+,-0.33980292832189773,-0.05799507518827602,0.2709728827804245,5,-260.84886106224417,531.963208850152,2.939975297675005,0.0557953147945811,osm_anthro_df_2021_2022,wolf
3000 meter buffer,-3.02190126751973,+,-0.23722347851118264,0.021704145850522716,0.27641084085032586,5,-261.25697398692313,532.7794346995099,3.7562011470329253,0.0370985163010516,osm_anthro_df_2021_2022,wolf
4750 meter buffer,-3.0196257197711525,+,-0.30765699461565044,-0.06411312484936509,0.24030768545612138,5,-261.6511265867591,533.5677398991819,4.544506346704907,0.0250137175676596,osm_anthro_df_2021_2022,wolf
5000 meter buffer,-3.0154885125299287,+,-0.2888991844432539,-0.07915892012144767,0.21604018954643492,5,-262.10493878138504,534.4753642884338,5.452130735956757,0.0158887638365592,osm_anthro_df_2021_2022,wolf
2750 meter buffer,-3.0119297751838867,+,-0.20286706426531426,0.03740790714200632,0.23744287026904068,5,-262.1128554536015,534.4911976328667,5.46796408038972,0.0157634742938237,osm_anthro_df_2021_2022,wolf
2500 meter buffer,-2.998351438387906,+,-0.14740111115962753,0.05544666259782403,0.17281694904183872,5,-263.3430597755815,536.9516062768266,7.928372724349629,0.00460660520768718,osm_anthro_df_2021_2022,wolf
500 meter buffer,-3.0008986237045505,+,-0.09243199572077278,-0.13701548250074588,-0.1671911290555617,5,-263.6123126413172,537.4901120082981,8.466878455821075,0.00351921629914865,osm_anthro_df_2021_2022,wolf
2250 meter buffer,-2.991718687576223,+,-0.10049864409696423,0.0889614415948783,0.13321337720639265,5,-263.90001898242093,538.0655246905055,9.042291138028531,0.00263934817016212,osm_anthro_df_2021_2022,wolf
250 meter buffer,-2.990126191357856,+,-0.1461240709204635,-0.09057996422692287,-0.07031879650301015,5,-264.2211929522262,538.7078726301161,9.684639077639076,0.00191431146872997,osm_anthro_df_2021_2022,wolf
2000 meter buffer,-2.9886060988824648,+,-0.057239956895201095,0.10569753895810738,0.10819333722232367,5,-264.2396119435005,538.7447106126647,9.72147706018768,0.00187937452186875,osm_anthro_df_2021_2022,wolf
1750 meter buffer,-2.986130443554419,+,-0.019329159817041575,0.12366847955041879,0.07517681273505135,5,-264.4672664937402,539.2000197131441,10.17678616066712,0.00149673260680018,osm_anthro_df_2021_2022,wolf
1500 meter buffer,-2.9843536384398397,+,0.014080293745106368,0.1168397234232864,0.029148981606387948,5,-264.64493875784024,539.5553642413441,10.532130688867142,0.00125308963041745,osm_anthro_df_2021_2022,wolf
1250 meter buffer,-2.9822151507459798,+,-0.021087454101872512,0.07171334167805872,0.013028002547023182,5,-264.78132162377506,539.8281299732138,10.804896420736782,0.00109333137227603,osm_anthro_df_2021_2022,wolf
750 meter buffer,-2.9849442740382868,+,-0.07707024514083956,-0.018946655245196755,0.0025857280457807067,5,-264.80621312188447,539.8779129694326,10.854679416955605,0.0010664526303617,osm_anthro_df_2021_2022,wolf
1000 meter buffer,-2.982631403724629,+,-0.0396313950629534,0.03565014872900576,0.0037983230044979447,5,-264.84278493289787,539.9510565914594,10.92782303898241,0.00102815509980954,osm_anthro_df_2021_2022,wolf
500 meter buffer,-1.8591947579645318,+,-0.10277645322584787,-0.012560613236673386,0.09523680559316616,5,-452.4005648661214,915.0666164579064,0,0.206707267661395,osm_anthro_df_2021_2022,lynx
750 meter buffer,-1.8575407237805321,+,-0.06674318973251664,0.04171500352192415,0.08806790943983785,5,-453.1012829973165,916.4680527202967,1.4014362623902343,0.102574103188514,osm_anthro_df_2021_2022,lynx
250 meter buffer,-1.856118383913155,+,-0.12883312229055033,-0.055256357875997746,0.005895647501439023,5,-453.3180435336812,916.901573793026,1.8349573351196113,0.0825847434062632,osm_anthro_df_2021_2022,lynx
1000 meter buffer,-1.855710808268125,+,-0.04117640370230297,0.04301117549514096,0.07839389311729501,5,-453.57084920039244,917.4071851264486,2.3405686685421188,0.0641368635002324,osm_anthro_df_2021_2022,lynx
1250 meter buffer,-1.8542010710003733,+,0.01610288212314985,0.053661054003381455,0.07089353877556356,5,-453.786104998665,917.8376967229937,2.771080265087221,0.0517158077495499,osm_anthro_df_2021_2022,lynx
1500 meter buffer,-1.8536512700063867,+,0.0478692465829051,0.0516615485437383,0.051569723708737004,5,-453.93172309590113,918.1289329174659,3.062316459559497,0.0447076843715303,osm_anthro_df_2021_2022,lynx
4750 meter buffer,-1.8511279155773839,+,0.04169625735631263,-0.021537748465512346,-0.09099171904806311,5,-453.9398411533823,918.1451690324283,3.0785525745218365,0.0443462140236417,osm_anthro_df_2021_2022,lynx
5000 meter buffer,-1.8509563578782031,+,0.03511440815810769,-0.015848521365534243,-0.09285677080660044,5,-453.9733971033577,918.212280932379,3.1456644744725963,0.0428828247059737,osm_anthro_df_2021_2022,lynx
3000 meter buffer,-1.854755013005617,+,0.018056853891479086,-0.024654431697666162,0.05007566513503995,5,-454.18509927606385,918.6356852777914,3.569068819884933,0.0347010246924859,osm_anthro_df_2021_2022,lynx
4500 meter buffer,-1.851382450360165,+,0.0353365130124087,-0.027241760304239932,-0.06599581239649484,5,-454.2042697816039,918.6740262888715,3.6074098309650253,0.0340421244112713,osm_anthro_df_2021_2022,lynx
3250 meter buffer,-1.8546706333372562,+,0.01480914130975264,-0.03210492525489172,0.04535370236235599,5,-454.2209511405101,918.7073890066839,3.640772548777477,0.0334789657013316,osm_anthro_df_2021_2022,lynx
1750 meter buffer,-1.8524027055471017,+,0.05850044665106778,0.04881049894773753,0.011149529027654334,5,-454.2696191860227,918.804725097709,3.73810863980259,0.0318886231974306,osm_anthro_df_2021_2022,lynx
2750 meter buffer,-1.8542690383342162,+,0.01892343834637985,-0.01714772309775239,0.044975812218471835,5,-454.2948954631969,918.8552776520575,3.788661194151018,0.0310926988956534,osm_anthro_df_2021_2022,lynx
2000 meter buffer,-1.8522134309974925,+,0.059030975657115424,0.04247138727811222,0.0027475581045018475,5,-454.3382290439803,918.9419448136242,3.875328355717784,0.0297741166901423,osm_anthro_df_2021_2022,lynx
3500 meter buffer,-1.853871675666579,+,0.02250146197555719,-0.03715015807728332,0.023662900047653427,5,-454.3396240838392,918.9447348933421,3.878118435435681,0.0297326095693701,osm_anthro_df_2021_2022,lynx
3750 meter buffer,-1.8528655522238509,+,0.03749073086044968,-0.03574630852341557,-0.006762490992330624,5,-454.3770342642026,919.0195552540689,3.9529387961624707,0.0286408559572365,osm_anthro_df_2021_2022,lynx
4000 meter buffer,-1.852225889395006,+,0.03489236406035248,-0.03467492038497012,-0.025899559912117356,5,-454.39562558268847,919.0567378910406,3.9901214331341635,0.028113303822353,osm_anthro_df_2021_2022,lynx
4250 meter buffer,-1.851846536667227,+,0.0293434264393789,-0.031534345373796846,-0.035689014576239034,5,-454.4167030381864,919.0988928020365,4.032276344130082,0.0275269480635075,osm_anthro_df_2021_2022,lynx
2250 meter buffer,-1.8519936069789473,+,0.05816140505883336,0.023269464075304416,-0.006766035536985904,5,-454.4479593012603,919.1614053281843,4.094788870277853,0.0266798658083616,osm_anthro_df_2021_2022,lynx
2500 meter buffer,-1.8527006197916216,+,0.03872635528025731,-2.0944526074221859e-4,0.01442287771679242,5,-454.5261445930631,919.3177759117899,4.251159453883474,0.0246733545837556,osm_anthro_df_2021_2022,lynx
250 meter buffer,-1.824369898715009,+,-0.3890719954712492,-0.18941918760018242,-0.0845600171597253,5,-435.53898977401195,881.3434662736876,0,0.987644543222988,osm_anthro_df_2021_2022,moose
500 meter buffer,-1.811440078256729,+,-0.26517616835739505,-0.1252092689621714,0.012836268825335171,5,-441.17806248530326,892.6216116962702,11.278145422582611,0.00351222643255465,osm_anthro_df_2021_2022,moose
1250 meter buffer,-1.811622275544002,+,-0.2485490820005382,-0.13024125368907044,0.04598676162376541,5,-441.28004998713146,892.8255866999266,11.482120426239021,0.00317168390075196,osm_anthro_df_2021_2022,moose
1000 meter buffer,-1.809467099164514,+,-0.24500591850420278,-0.09729652945041116,0.01996424500111673,5,-441.8495792955389,893.9646453167414,12.621179043053871,0.00179451239252851,osm_anthro_df_2021_2022,moose
750 meter buffer,-1.8070436053055494,+,-0.22419410100197265,-0.056975902643490665,0.032593960561782945,5,-442.5540152041849,895.3735171340335,14.03005086034591,0.000887184271610179,osm_anthro_df_2021_2022,moose
1500 meter buffer,-1.8078707117732375,+,-0.20492712716301312,-0.1308807651084914,0.04111818281602135,5,-442.5726242681076,895.4107352618788,14.067268988191245,0.000870827269070891,osm_anthro_df_2021_2022,moose
1750 meter buffer,-1.8075097407582115,+,-0.20460226917629482,-0.12259480806316447,0.04850539764891183,5,-442.69910375630644,895.6636942382765,14.32022796458898,0.000767366218124679,osm_anthro_df_2021_2022,moose
2000 meter buffer,-1.8034244466334435,+,-0.17250345473928183,-0.09786606127203044,0.023709654343387752,5,-443.90159749623837,898.0686817181404,16.72521544445283,0.000230550612583889,osm_anthro_df_2021_2022,moose
2250 meter buffer,-1.8027667324932402,+,-0.1745121795630587,-0.089673848047211,0.012999834539284646,5,-443.94104813840084,898.1475830024654,16.804116728777785,0.000221632315772885,osm_anthro_df_2021_2022,moose
5000 meter buffer,-1.7948672627356062,+,-0.03135968065435767,0.022964440589889237,-0.15013838814325736,5,-444.26502679424857,898.7955403141608,17.452074040473235,0.000160299047512711,osm_anthro_df_2021_2022,moose
2500 meter buffer,-1.801510611197379,+,-0.16473681444116536,-0.0705255139141933,0.020287162567342695,5,-444.2934624587959,898.8524116432554,17.50894536956787,0.000155805035492098,osm_anthro_df_2021_2022,moose
2750 meter buffer,-1.800720415602508,+,-0.15117919589558884,-0.05412138069577085,0.03706221827516166,5,-444.68617836263996,899.6378434509436,18.294377177256024,0.00010520276143087,osm_anthro_df_2021_2022,moose
4750 meter buffer,-1.7942062401618382,+,-0.04654219322714939,0.017018716062297393,-0.10858089089530118,5,-444.9069500140144,900.0793867536925,18.735920480004893,8.43620704152656e-05,osm_anthro_df_2021_2022,moose
3000 meter buffer,-1.798543408984312,+,-0.13010136335884262,-0.03222701149223259,0.02279063506405863,5,-445.14353084309676,900.5525484118572,19.209082138169606,6.65888448548208e-05,osm_anthro_df_2021_2022,moose
4500 meter buffer,-1.794334134159119,+,-0.06239861349668074,0.015264207323001298,-0.0780299541458214,5,-445.166832581092,900.5991518878477,19.255685614160143,6.5055147342877e-05,osm_anthro_df_2021_2022,moose
4250 meter buffer,-1.7944614591778463,+,-0.06812523135792974,0.014404361100821276,-0.06781075399824632,5,-445.2067681815793,900.6790230888223,19.335556815134737,6.25083239055164e-05,osm_anthro_df_2021_2022,moose
4000 meter buffer,-1.7946210370430231,+,-0.07759938307146748,0.009148417256190663,-0.0498626672113614,5,-445.3283093100557,900.9221053457751,19.578639072087526,5.53545357160248e-05,osm_anthro_df_2021_2022,moose
3250 meter buffer,-1.79714569692247,+,-0.11404443139027888,-0.015955813770750588,0.01289311199806472,5,-445.3830942461656,901.0316752179949,19.68820894430735,5.24035148190201e-05,osm_anthro_df_2021_2022,moose
3500 meter buffer,-1.7961850116364593,+,-0.10191077908128286,-0.0070072556173420945,-0.0027571814100519447,5,-445.4782047502628,901.2218962261893,19.878429952501733,4.76490723387651e-05,osm_anthro_df_2021_2022,moose
3750 meter buffer,-1.7951961581242875,+,-0.0864702078211968,-6.681693298501773e-4,-0.022075497881098367,5,-445.5523253109945,901.3701373476526,20.026671073965076,4.4245010186445e-05,osm_anthro_df_2021_2022,moose
4750 meter buffer,-4.31170052519417,+,0.28657286714301805,-0.4706629953929676,0.4440924202207415,5,-172.61199557269276,355.48947787104925,0,0.32480459406135,osm_anthro_df_2021_2022,fox
5000 meter buffer,-4.314445860849926,+,0.2946127226985068,-0.49014388449755636,0.4374597077971737,5,-172.74038730287967,355.74626133142306,0.2567834603738106,0.285668492753384,osm_anthro_df_2021_2022,fox
4500 meter buffer,-4.305607473015814,+,0.2758244829788797,-0.4600581382502915,0.43699058125316365,5,-173.15682173087032,356.57913018740436,1.0896523163551137,0.188368018450957,osm_anthro_df_2021_2022,fox
4250 meter buffer,-4.288722277177406,+,0.266566112013951,-0.4362485307456056,0.4273370591219001,5,-174.11718215611924,358.4998510379022,3.0103731668529576,0.0720987833045728,osm_anthro_df_2021_2022,fox
3750 meter buffer,-4.2684219641985655,+,0.24915881718339067,-0.3134366422455868,0.4867188515324577,5,-174.8190151558883,359.90351703744034,4.414039166391092,0.0357376290705412,osm_anthro_df_2021_2022,fox
4000 meter buffer,-4.264669312109709,+,0.2688969995311251,-0.3745203548283213,0.4290864135953998,5,-175.09541750128363,360.456321728231,4.966843857181743,0.0271072663752885,osm_anthro_df_2021_2022,fox
3500 meter buffer,-4.258078526232341,+,0.24694220765086602,-0.28257620121409494,0.48289586112189375,5,-175.66737218572374,361.6002310971112,6.110753226061945,0.0152999129590936,osm_anthro_df_2021_2022,fox
3250 meter buffer,-4.258904904432743,+,0.22814685141866572,-0.24611112210712524,0.5047879260194217,5,-176.02818439528141,362.32185551622655,6.832377645177303,0.0106657207432225,osm_anthro_df_2021_2022,fox
1500 meter buffer,-4.286422072488018,+,0.17207493445676805,-0.14489943072103967,0.5400933064636831,5,-176.16312201490564,362.591730755475,7.102252884425752,0.009319391251971,osm_anthro_df_2021_2022,fox
2750 meter buffer,-4.2506467393247425,+,0.23087872187685352,-0.25524005876307143,0.45952793634240113,5,-176.64499772685275,363.5554821793692,8.066004308319975,0.00575587802750768,osm_anthro_df_2021_2022,fox
2500 meter buffer,-4.28006865089226,+,0.2042168498702637,-0.21586397280205805,0.5171329833045806,5,-176.79563522787268,363.8567571814091,8.367279310359834,0.00495097287307916,osm_anthro_df_2021_2022,fox
2250 meter buffer,-4.2926896113949775,+,0.20295121073682806,-0.1767634108758229,0.5379829336237333,5,-176.81599130036875,363.8974693264012,8.407991455351976,0.00485120935197385,osm_anthro_df_2021_2022,fox
3000 meter buffer,-4.238552044793121,+,0.24461155899027742,-0.24897156296556547,0.449893905227199,5,-176.83115133262993,363.9277893909236,8.438311519874333,0.00477821952367955,osm_anthro_df_2021_2022,fox
1750 meter buffer,-4.291311413855768,+,0.16250723750116172,-0.18913438407912456,0.5304592413184297,5,-177.24768519665258,364.7608571189689,9.27137924791964,0.00315041480566252,osm_anthro_df_2021_2022,fox
1250 meter buffer,-4.24264036067421,+,0.2204566541150826,-0.14633020695070145,0.4692529132703619,5,-177.37527909527998,365.0160449162237,9.526567045174431,0.00277302901472794,osm_anthro_df_2021_2022,fox
2000 meter buffer,-4.282951703738047,+,0.20672205808615815,-0.17391068025479997,0.5171510588623411,5,-177.49969249175282,365.26487170916937,9.775393838120124,0.0024486254674023,osm_anthro_df_2021_2022,fox
1000 meter buffer,-4.226175552903257,+,0.269849237009611,-0.11051460662140804,0.44388635891780154,5,-178.28051490177302,366.82651652920975,11.337038658160509,0.00112154188702028,osm_anthro_df_2021_2022,fox
750 meter buffer,-4.197990659384381,+,0.3321049710391667,0.045176193134790245,0.45193803776716,5,-178.4800515447114,367.2255898150865,11.736111944037248,0.000918666405731492,osm_anthro_df_2021_2022,fox
500 meter buffer,-4.125760418876334,+,0.6055378780286911,0.2520354376437475,0.3412638863579492,5,-180.4476135054574,371.16071373657854,15.671235865529297,0.000128427057684113,osm_anthro_df_2021_2022,fox
250 meter buffer,-4.125956558050114,+,0.47551049274880947,0.02398044327322828,0.2553587592669788,5,-181.32879187058867,372.92307046684107,17.433592595791822,5.32066151504817e-05,osm_anthro_df_2021_2022,fox
4500 meter buffer,-0.16238132594894125,+,0.20187598254016897,-0.20538962621997686,0.370688305425646,5,-587.9307901656467,1186.1270670569572,0,0.610835638936824,osm_anthro_df_2021_2022,deer
4250 meter buffer,-0.16254266548422272,+,0.19591693167168892,-0.19218942143337067,0.3621324375440781,5,-589.2947323031938,1188.8549513320513,2.727884275094084,0.156160727612842,osm_anthro_df_2021_2022,deer
4750 meter buffer,-0.16202443346296933,+,0.22303895854683,-0.2107506093872178,0.3444188890940227,5,-589.3298673920408,1188.9252215097454,2.7981544527881397,0.150769275766296,osm_anthro_df_2021_2022,deer
4000 meter buffer,-0.16352262577586726,+,0.19381588165549415,-0.17740528530364721,0.35435140964474343,5,-590.5906299303268,1191.4467465863174,5.319679529360201,0.0427337136235918,osm_anthro_df_2021_2022,deer
5000 meter buffer,-0.16230108462609869,+,0.23067502983365523,-0.22074357193235103,0.31717359352237884,5,-591.13978195758,1192.5450506408238,6.417983583866544,0.0246761237831786,osm_anthro_df_2021_2022,deer
3750 meter buffer,-0.164104167163591,+,0.19652829633033672,-0.16596431811032222,0.3409399944070443,5,-592.0094865036771,1194.284459733018,8.157392676060681,0.0103411551717346,osm_anthro_df_2021_2022,deer
3500 meter buffer,-0.16417054055370348,+,0.19465874756640128,-0.15778893077008888,0.32926474243853276,5,-593.4362788014241,1197.138044328512,11.010977271554793,0.00248268164345542,osm_anthro_df_2021_2022,deer
3250 meter buffer,-0.16416893874566982,+,0.19223411704170987,-0.15234248128370542,0.32505953762314355,5,-593.8627796422601,1197.991046010184,11.863978953226706,0.00162066805358161,osm_anthro_df_2021_2022,deer
3000 meter buffer,-0.16316624531863133,+,0.19472743887015917,-0.1474674486327942,0.3092069741942182,5,-595.4702299007657,1201.2059465271952,15.078879470238007,0.000324778516873811,osm_anthro_df_2021_2022,deer
2750 meter buffer,-0.16256791107277604,+,0.1993409056226368,-0.14242311505486718,0.2880722434827774,5,-597.4594911939461,1205.184469113556,19.057402056598676,4.44285450898051e-05,osm_anthro_df_2021_2022,deer
2500 meter buffer,-0.1625755972227454,+,0.19855991152043848,-0.13978800145792003,0.2761806800664372,5,-599.0260489363346,1208.317584598333,22.19051754137581,9.27501687502185e-06,osm_anthro_df_2021_2022,deer
2250 meter buffer,-0.16233641994895323,+,0.20390808670139962,-0.1360577350948603,0.25025524246125963,5,-601.1460942432716,1212.557675212207,26.43060815524973,1.11324494111914e-06,osm_anthro_df_2021_2022,deer
2000 meter buffer,-0.16176037935179843,+,0.19848624366405215,-0.129282300482684,0.23720598887604352,5,-602.3431365805559,1214.9517598867756,28.824692829818332,3.36296113711359e-07,osm_anthro_df_2021_2022,deer
1750 meter buffer,-0.16162156079650986,+,0.18838780009764144,-0.12274787332297067,0.22306219489510337,5,-603.8423250049985,1217.9501367356609,31.823069678703632,7.50987292773965e-08,osm_anthro_df_2021_2022,deer
1500 meter buffer,-0.16281441517592743,+,0.1626830403513718,-0.12319160577433463,0.212656277874697,5,-606.062256409721,1222.3899995451059,36.262932488148635,8.1569655708316e-09,osm_anthro_df_2021_2022,deer
1250 meter buffer,-0.16158850108799222,+,0.16221466309388263,-0.10650332938706515,0.19348297266597825,5,-608.7951497741046,1227.855786273873,41.728719216915806,5.3045447977006e-10,osm_anthro_df_2021_2022,deer
1000 meter buffer,-0.1598991050205431,+,0.1635467099085379,-0.07477042265942527,0.14695476365538657,5,-614.2261772172751,1238.717841160214,52.59077410325676,2.32264519148962e-12,osm_anthro_df_2021_2022,deer
750 meter buffer,-0.1614725376732871,+,0.10971171452236418,-0.08782437098402139,0.12648591419418134,5,-617.39999863032,1245.065483986304,58.93841692934666,9.71873511563539e-14,osm_anthro_df_2021_2022,deer
250 meter buffer,-0.167014101137931,+,-0.04939048269436524,-0.1892323998390755,0.03773632326478709,5,-618.6593009364515,1247.5840885985667,61.45702154160949,2.75868239255026e-14,osm_anthro_df_2021_2022,deer
500 meter buffer,-0.16522001746074502,+,0.017595240280520764,-0.13121110304239028,0.08187522320792656,5,-620.2647551868267,1250.7949970993172,64.66793004236001,5.53938793913647e-15,osm_anthro_df_2021_2022,deer
