Model,cond((Int)),disp((Int)),cond(scale(harvest)),cond(scale(lc_developed)),cond(scale(lc_forest)),cond(scale(lc_grassland)),cond(scale(osm_industrial)),cond(scale(pipeline_transmission_lines)),cond(scale(seismic_lines_3D)),cond(scale(seismic_lines)),cond(scale(trails)),cond(scale(wells)),df,logLik,AICc,delta,weight,Dataset,species
250 meter buffer,-0.5980168998086552,+,0.007994002141324077,-0.18817816349593788,-0.11732955047641307,-0.0016339196294939253,0.03304953157495829,-0.07254972651655793,-0.11689599478077947,-0.017829958079151147,0.12649868147420973,-0.011183986758499806,12,-448.96087685043057,923.3464112351077,0,0.678117928990583,osm_final_df_2021_2022,bear
3750 meter buffer,-0.5985158999650573,+,0.0637372425664239,-0.12238956010869481,-0.0185778229553258,-0.03364485661451988,-0.11061022325303686,-0.11564161453453835,-0.12165052665930094,-0.121164519625581,0.10384016382636752,0.28508132334722586,12,-451.5356519253882,928.495961385023,5.149550149915285,0.0516528893227335,osm_final_df_2021_2022,bear
4000 meter buffer,-0.5988957601784084,+,0.06691273565995437,-0.11741931791097887,-0.019160941739740114,-0.021771807784926267,-0.1109314163551929,-0.1273159525580213,-0.11602585767015061,-0.12741813260565102,0.10412185810085725,0.2881730489539306,12,-451.61425203017916,928.6531615946049,5.306750359497187,0.0477484224951808,osm_final_df_2021_2022,bear
3500 meter buffer,-0.5983174574808504,+,0.055592270152707485,-0.11954337367215952,-0.004563476657192954,-0.02707437465366703,-0.09347122505491881,-0.12514481544547107,-0.1136758159025512,-0.10577448074244175,0.09673125871493367,0.26178687763377906,12,-452.1408207193389,929.7062989729243,6.359887737816621,0.0282015612664813,osm_final_df_2021_2022,bear
3250 meter buffer,-0.5979958742488767,+,0.05768414320587187,-0.11757690855722291,0.005321372805771864,-0.02788799123210229,-0.08098843293805205,-0.13400657028916588,-0.10980178960916066,-0.0999738355095872,0.09012449861623269,0.26161861827403615,12,-452.2349750829519,929.8946077001503,6.548196465042679,0.0256674326656922,osm_final_df_2021_2022,bear
4250 meter buffer,-0.5985902598315568,+,0.07415703993956559,-0.11001361035198343,-0.030798057041461078,-0.01754903053164919,-0.11064134681282019,-0.11108057123079212,-0.11914449791945712,-0.14162573400084816,0.10153307884812597,0.27289486420814846,12,-452.4706934422718,930.3660444187901,7.019633183682458,0.0202773523920145,osm_final_df_2021_2022,bear
2750 meter buffer,-0.5964812675216161,+,0.05159339315422028,-0.12577733963805965,0.02442892153854133,-0.03948492874072125,-0.049156036434434454,-0.1367385072237552,-0.11251623751320136,-0.09440463387253471,0.07928798554537668,0.2593035522372181,12,-452.4740588157328,930.3727751657121,7.026363930604475,0.0202092262277059,osm_final_df_2021_2022,bear
3000 meter buffer,-0.5969842390403659,+,0.05435244286867049,-0.11949518610290552,0.016129792700991127,-0.035466584384717975,-0.06456633078876059,-0.13648825322003957,-0.1103608298906346,-0.09113884039183869,0.07835177107679202,0.2597406073909126,12,-452.6879476855128,930.8005529052722,7.454141670164518,0.0163176994462679,osm_final_df_2021_2022,bear
2500 meter buffer,-0.5953181894999565,+,0.043643124336937685,-0.12320850740381013,0.02873140236826327,-0.06095567066846151,-0.038812955111317785,-0.11762028053957772,-0.11178885621586515,-0.09321000695026153,0.08614512941880037,0.24078161797179376,12,-452.81002407348285,931.0447056812122,7.698294446104569,0.0144424817685779,osm_final_df_2021_2022,bear
4500 meter buffer,-0.5981399145559622,+,0.08445583476859013,-0.0958279428516708,-0.04134162853011474,-0.02206440007898479,-0.11772738732435738,-0.10938326770912658,-0.12538199987050427,-0.15659264990846977,0.1004296494273364,0.28167893122965243,12,-452.8167786304645,931.0582147951756,7.711803560067892,0.0143452579241591,osm_final_df_2021_2022,bear
2250 meter buffer,-0.5949002845509156,+,0.03492053118343692,-0.12626176983051107,0.03987284896068123,-0.06507999258818238,-0.02496278025742846,-0.10897596298576925,-0.11226459205314497,-0.09143360868087567,0.09190454723410493,0.23007383904124462,12,-452.86124021229756,931.1471379588417,7.8007267237339875,0.013721416323045,osm_final_df_2021_2022,bear
2000 meter buffer,-0.5957578905402781,+,0.03576933530126202,-0.12271892214448937,0.04185305157781107,-0.05101751482186827,-0.009151510623133753,-0.10615428470127926,-0.11468802917870376,-0.10762045181168291,0.0880154601673312,0.19780467156775738,12,-452.9432867117307,931.311230957708,7.964819722600282,0.0126405682990932,osm_final_df_2021_2022,bear
1750 meter buffer,-0.5965509650592121,+,0.037729142782736494,-0.12031960983193069,0.03194767688590798,-0.038185092948910024,0.0026592821133801076,-0.10943392527994748,-0.11987870236484453,-0.12237009117683006,0.07879740824437105,0.1775060035654295,12,-453.0538673058864,931.5323921460193,8.185980910911667,0.0113172799174588,osm_final_df_2021_2022,bear
1500 meter buffer,-0.5968317490985738,+,0.038047626701378796,-0.13837424153559125,0.016515660006731502,-0.03347636442646568,0.01731895347410201,-0.0995668393882253,-0.12868914178452498,-0.10071780588001164,0.07856425962489527,0.16480949242557724,12,-453.1898784202644,931.8044143747753,8.458003139667653,0.00987809460627899,osm_final_df_2021_2022,bear
4750 meter buffer,-0.5982737258220145,+,0.08494333834511783,-0.08954523301891673,-0.04739082648715832,-0.02706363650204288,-0.11700820143908454,-0.1032752643013553,-0.12833420153203642,-0.15907322802097967,0.09693841903682923,0.27294373364596475,12,-453.2413009068126,931.9072593478718,8.56084811276412,0.00938297759050928,osm_final_df_2021_2022,bear
5000 meter buffer,-0.5977570641840048,+,0.08922058139940121,-0.09662684073182459,-0.05854212793361774,-0.030799609134242824,-0.11637823746081849,-0.09421258012810074,-0.135883085813638,-0.16134235001461927,0.09090226716758278,0.275902119348372,12,-453.40159965585354,932.2278568459536,8.881445610845958,0.0079932577409391,osm_final_df_2021_2022,bear
1250 meter buffer,-0.5961641671335947,+,0.028780877004566916,-0.1359102424693723,0.01587584159962487,-0.027751477145067028,0.034924605572958393,-0.08951919790048309,-0.13410830814848382,-0.06911242565142704,0.08315493570795868,0.1301725085718435,12,-453.45381005349407,932.3322776412347,8.985866406127002,0.00758663393577811,osm_final_df_2021_2022,bear
1000 meter buffer,-0.5953468724042478,+,0.019342371231670288,-0.10213769991447537,0.03621657475469362,-0.016250798855275524,0.013738406405799307,-0.09475402358893431,-0.13011279896299233,-0.057778130716899065,0.08347821434179223,0.11152605039050185,12,-453.87592627800694,933.1765100902604,9.830098855152755,0.00497423595435878,osm_final_df_2021_2022,bear
500 meter buffer,-0.5967795560229034,+,0.03286583123974238,-0.11199818193504026,-0.022960834043991657,0.05165732197536831,0.01823148984070027,-0.12202041117261755,-0.11835725217883632,-0.02208990411571412,0.07081655861607591,0.08990772206478431,12,-454.0539606381002,933.5325788104469,10.186167575339255,0.00416300605091241,osm_final_df_2021_2022,bear
750 meter buffer,-0.5945337531752996,+,0.03127260413905182,-0.10855726857609099,0.028620813967591634,0.007246516275681913,0.03019863162138722,-0.08703427114804713,-0.13149704563169803,-0.03521405902358616,0.0434784576872405,0.12258499186310007,12,-455.1710404350124,935.7667384042713,12.42032716916367,0.00136227708223044,osm_final_df_2021_2022,bear
1000 meter buffer,-5.541690581246886,+,-0.6572516704581403,0.06847733561721592,0.20533800412397435,-0.0658740300643949,-1.2929549945705772,-0.30020168035214956,-0.1386450280418327,0.1438105552599739,0.0455915320166719,0.7342745939496642,12,-131.8196499792972,289.063957492841,0,0.796395114583704,osm_final_df_2021_2022,caribou
1250 meter buffer,-5.389313430712378,+,-0.36118017656821855,-0.09234292567379992,0.1908618117873845,-0.14997594569502784,-1.1419092716310122,-0.22065484432720164,-0.14740918465464833,0.17634245475737453,0.05588960487491239,0.7962445513797894,12,-134.13309517314525,293.6908478805371,4.626890387696108,0.0787792977901434,osm_final_df_2021_2022,caribou
750 meter buffer,-5.76576340517798,+,-1.5640731875947476,-0.043259400030550656,0.2536842346881041,-0.06969995257023451,-1.023265148684916,-0.2924596175277383,-0.1412664934604669,0.2194549455009606,0.03604664141785739,0.6896422241625294,12,-134.22882086199155,293.8822992582297,4.818341765388709,0.0715877918901674,osm_final_df_2021_2022,caribou
1500 meter buffer,-5.302534261175256,+,-0.1977071264074028,-0.308683398598604,0.20773084967869923,-0.24014413290718853,-0.9155964410944593,-0.26178083950578623,-0.20015396350140277,0.08685372218182812,-0.04956551973862171,0.8722576606244888,12,-135.52269871415155,296.4700549625497,7.406097469708698,0.0196297584475334,osm_final_df_2021_2022,caribou
2500 meter buffer,-5.603878354583989,+,-0.16267341478485095,0.32758898182776214,0.17662967635014332,-0.3414470638114796,-1.487890285999702,-0.7149003802724254,-0.11313892620682388,0.16399680235680167,-0.19603057667190538,1.5625357567897453,12,-136.30795778399946,298.0405731022455,8.976615609404519,0.00895120028270159,osm_final_df_2021_2022,caribou
2000 meter buffer,-5.379371128316202,+,-0.21428286140122557,0.10330648991599987,0.19223882035985068,-0.2784545521805376,-1.5029489295061627,-0.40762528919721314,-0.10973370470956194,0.10423459307753243,-0.06962251867029881,1.162871557429802,12,-136.62190301802107,298.66846357028874,9.604506077447752,0.00653938025713069,osm_final_df_2021_2022,caribou
1750 meter buffer,-5.282613615847669,+,-0.21810475710060712,-0.3157109343564611,0.18089977217790343,-0.26739769562919363,-1.090732278122818,-0.27101831963734313,-0.19384582699719552,0.022045524936583707,-0.043800210371121515,0.9260110518398323,12,-136.95314863884505,299.3309548119367,10.266997319095708,0.0046954632577895,osm_final_df_2021_2022,caribou
2750 meter buffer,-5.5734194896428715,+,-0.13425098922637047,0.30491896141529384,0.14037400924347804,-0.3146134264001095,-1.1069871119148076,-0.8976196860954746,-0.12778633223868743,0.11552118151980369,-0.2614720464082509,1.5513888444306552,12,-136.95759907191294,299.33985567807247,10.275898185231483,0.00467461284393784,osm_final_df_2021_2022,caribou
2250 meter buffer,-5.4753230883939334,+,-0.19149016752450668,0.24039980842324038,0.1919542024368355,-0.34027327001434865,-1.6242628025980728,-0.43755039309602956,-0.11626404587573742,0.17618415662733689,-0.09751302752001982,1.350028931152121,12,-136.98675673812724,299.3981710105011,10.334213517660089,0.00454027997641697,osm_final_df_2021_2022,caribou
500 meter buffer,-5.74979962065774,+,-2.305341665071449,-0.05809455413227081,0.1593907351203086,-0.13692140209579903,-0.3164275500144158,-0.16567285824006545,-0.17000426043824407,0.20934734109490166,-0.046562349441369104,0.4975402293283947,12,-137.7935805433814,301.0118186210094,11.947861128168427,0.00202620558436588,osm_final_df_2021_2022,caribou
3000 meter buffer,-5.6034896248249515,+,-0.043539680695781686,0.4423883393461763,0.09876962774756377,-0.2521210916947383,-0.970254954620024,-0.9864143319499701,-0.12765844732344886,0.009939888212161916,-0.3720654991799011,1.490074568796426,12,-138.5355730048982,302.495803544043,13.431846051202001,0.000964806623571926,osm_final_df_2021_2022,caribou
250 meter buffer,-204.2026831976593,+,-599.0380664248245,-0.30358217847582697,0.17722812803169388,-0.1461332570537217,-0.19130039261841983,-0.20725037374314226,-0.29414787271741377,0.2293336393182643,-0.29452118646209013,0.3695857017749515,12,-138.88846363114607,303.2015847965387,14.137627303697741,0.000677925272916966,osm_final_df_2021_2022,caribou
3250 meter buffer,-5.702495707702454,+,0.023835253073726675,0.6127225602988782,0.06234055910146097,-0.24326332672469383,-0.926720859926345,-0.9570912603572779,-0.15115630015672651,-0.07156963664623066,-0.46886471114128303,1.4380996574233713,12,-140.03951749452892,305.50369252330444,16.439735030463453,0.000214429969286215,osm_final_df_2021_2022,caribou
3500 meter buffer,-5.6743060821983615,+,-0.01945111416556394,0.6216587296699788,0.0461193022626178,-0.262950030090261,-0.8173317063733638,-0.9677301301617589,-0.1273545031319162,-0.08801584294191063,-0.5030619751935581,1.4153473225435496,12,-140.55392897707287,306.53251548839233,17.46855799555135,0.000128197458398153,osm_final_df_2021_2022,caribou
3750 meter buffer,-5.640270112234641,+,-0.08865803066816522,0.6213432222676881,0.03317634121500652,-0.2887825706955431,-0.7580179843753733,-0.9200751520067851,-0.11168018216712164,-0.11677131348105087,-0.48833302750923946,1.3861850706413155,12,-141.1210239657486,307.6667054657438,18.60274797290282,7.27098403046525e-05,osm_final_df_2021_2022,caribou
4750 meter buffer,-5.192624676069436,+,-1.1761478516553194,-0.5951802608297834,-0.07210524627216995,-0.38774229270014343,0.07746610344246321,-0.6926807257973208,-0.1672512122122579,0.051263312971369636,-0.5079617469519728,1.1279565275204873,12,-141.7487344929403,308.92212652012716,19.85816902728618,3.88134254346066e-05,osm_final_df_2021_2022,caribou
5000 meter buffer,-5.222122809454422,+,-1.3806257940602755,-0.6594411607383815,-0.09455390062719968,-0.38136359723677615,0.09164399750605214,-0.6611870986018407,-0.15744345088455036,0.07861619124940154,-0.5294106290405786,1.1220462664463557,12,-141.7694697702961,308.9635970748388,19.899639581997803,3.8016904869092e-05,osm_final_df_2021_2022,caribou
4000 meter buffer,-5.527983259371603,+,-0.19871031856615606,0.5138729894353552,0.006902338559733542,-0.3177137854743593,-0.6265347530852474,-0.8016489284416745,-0.10437165954048257,-0.12108052240560482,-0.4229576511775204,1.3090162920156083,12,-142.30131576914218,310.02728907253095,20.963331579689964,2.23356694375388e-05,osm_final_df_2021_2022,caribou
4500 meter buffer,-5.1331409417915435,+,-0.8951230909273112,-0.25990903544401317,-0.03287530396840932,-0.3676536925067667,-0.07555069555136582,-0.7022722829132331,-0.12326110704541397,-0.011530570458910176,-0.431420003096549,1.1030771351745137,12,-142.88330340494636,311.1912643441393,22.12730685129833,1.24808727342985e-05,osm_final_df_2021_2022,caribou
4250 meter buffer,-5.195888280068398,+,-0.5407539958096963,0.02969349959053986,-0.01589793076215963,-0.33420234113718933,-0.28683055470981395,-0.7415272957074609,-0.11727845441378433,-0.06532621411782867,-0.41312654929954673,1.1761870793450875,12,-142.99345928064574,311.41157609553807,22.347618602697082,1.11790491557537e-05,osm_final_df_2021_2022,caribou
5000 meter buffer,-1.3874054990660254,+,-0.08468380882682314,0.37238292974950354,-0.1599505489301553,-0.20156589329756064,0.35366745014775,0.11369026982151637,-0.0712133988218786,0.2668502684392625,-0.016663189831754358,0.009497740411457987,12,-460.06874787989847,945.5621532940435,0,0.444297522266992,osm_final_df_2021_2022,coyote
4750 meter buffer,-1.3864346113272303,+,-0.08009304309115643,0.36263781740577944,-0.16876268558763025,-0.19772340592423462,0.3539306762534821,0.10756985026826822,-0.07461374056862191,0.25908644739523395,-0.02444740476771566,0.016280660897990566,12,-460.2715745816393,945.9678066975251,0.405653403481665,0.362733255741078,osm_final_df_2021_2022,coyote
4500 meter buffer,-1.384919361417308,+,-0.07005596291885537,0.3539336383546426,-0.17501395746669612,-0.19228888078930725,0.3470543360941356,0.09347599915888091,-0.0768303074131624,0.2565247654443035,-0.023216889017042174,0.03685148350082042,12,-461.22740394154187,947.8794654173303,2.317312123286797,0.139468444527743,osm_final_df_2021_2022,coyote
4250 meter buffer,-1.3831200891533415,+,-0.06196391396219427,0.3337513704327609,-0.1807674754683391,-0.17121549118600524,0.3402821400651875,0.07896172700802583,-0.07192315961106009,0.23653249264978063,-0.01811957681653783,0.045610153828361734,12,-463.7124916364715,952.8496408071895,7.287487513146061,0.0116202663940846,osm_final_df_2021_2022,coyote
1250 meter buffer,-1.38764307230905,+,0.04142304080532519,0.3791188923218089,-0.14536684040937703,-0.022652121944972115,0.2821015539448064,0.019431298610079674,-0.14059392113293506,0.27018787459085264,0.013302791459483713,0.09660288835083716,12,-463.71663356305993,952.8579246603664,7.295771366322924,0.0115722356423323,osm_final_df_2021_2022,coyote
1500 meter buffer,-1.3827266270680645,+,0.04067139082763664,0.34716069350211365,-0.14587464911160095,-0.03337642307562205,0.30358743829261475,0.031190790270692683,-0.12764212091954022,0.2595678680740407,0.03690687020126406,0.09859272559311695,12,-464.0413564230791,953.5073703804047,7.945217086361254,0.00836357435405397,osm_final_df_2021_2022,coyote
2250 meter buffer,-1.377759734521585,+,-0.01187306558618152,0.3432047124789117,-0.14905614594388153,-0.09285988792350248,0.30434123481962627,0.026152114408264378,-0.08821218761866088,0.2749065471138619,0.06001012656629838,0.09614334655443155,12,-464.4394581776912,954.303573889629,8.74142059558551,0.00561692373217035,osm_final_df_2021_2022,coyote
1750 meter buffer,-1.3791824374243198,+,0.026285665216815784,0.3454284335577158,-0.14163286603635042,-0.05343403690278488,0.3033371233264019,0.025384346742769664,-0.11131888238432429,0.25215827769258486,0.048221226850701925,0.09473482356875476,12,-464.7145806170644,954.8538187683754,9.291665474331921,0.00426593633468891,osm_final_df_2021_2022,coyote
2000 meter buffer,-1.3766316798857632,+,0.003103946294480247,0.34111867438440624,-0.13758636936674296,-0.07369858096686582,0.31091816332199396,0.010910954372647745,-0.09834766344052519,0.24978145811326774,0.04571074215549179,0.09525574906259912,12,-465.17180221535415,955.7682619649548,10.206108670911362,0.00270050852470374,osm_final_df_2021_2022,coyote
3000 meter buffer,-1.379773949934262,+,-0.02497484961601462,0.31053972765471066,-0.1719981165233418,-0.06097406030948397,0.33408901645544203,-0.034442014555859345,-0.050233975993659696,0.2206072654639266,0.0261341485099219,0.09630945268611195,12,-465.4910089856257,956.4066755054979,10.844522211454432,0.00196252778294211,osm_final_df_2021_2022,coyote
2500 meter buffer,-1.3787844520864863,+,-0.016181448287290713,0.33099934859849733,-0.15595279457812566,-0.07781236633381117,0.31351460685906557,-3.666941669315024e-4,-0.07148099733460483,0.26422551149118945,0.04629794356181124,0.09437106385218426,12,-465.5461134035475,956.5168843413416,10.954731047298083,0.001857309452482,osm_final_df_2021_2022,coyote
2750 meter buffer,-1.378748695350301,+,-0.021552915881618864,0.3161171338397638,-0.16233290128086958,-0.06087329934093191,0.3360738609763159,-0.030885594974231458,-0.058974568607511005,0.23225013272472583,0.027675663317424957,0.09051201396479637,12,-465.9488057290833,957.3222689924131,11.760115698369646,0.00124164434277643,osm_final_df_2021_2022,coyote
4000 meter buffer,-1.3815068197524583,+,-0.05952849179407987,0.3263632648467275,-0.18653092133121474,-0.1409127581016677,0.31777415226385025,0.04690775227633112,-0.061003721291830765,0.2270798575767648,-0.0020521740282159703,0.05943287271811634,12,-466.0326315827886,957.4899206998238,11.927767405780287,0.00114180544157651,osm_final_df_2021_2022,coyote
1000 meter buffer,-1.3912802849426704,+,0.04279980807100675,0.3792161375519923,-0.14302752306599978,-0.011126503646006555,0.27350069654754033,0.030185871511563232,-0.13165026522366272,0.25957443868146174,-6.606804543314167e-5,0.13733602977719553,12,-466.0660863652247,957.5568302646959,11.99467697065245,0.00110423848979294,osm_final_df_2021_2022,coyote
3250 meter buffer,-1.3796603226301498,+,-0.03148700159609912,0.31423539138815604,-0.17855225646296055,-0.07644408356667654,0.327730132313405,-0.013706462645266653,-0.048055386522514475,0.2130992378608599,0.014745034714776145,0.08004487327832539,12,-466.2720865161604,957.9688305665674,12.406677272523893,0.000898665671457434,osm_final_df_2021_2022,coyote
3500 meter buffer,-1.378673326387858,+,-0.04331589338735928,0.33146000320462665,-0.18435752470213732,-0.10744875506634571,0.30267314562885145,0.013530945196950118,-0.052703398773717706,0.22031642541509586,0.019386816474523706,0.08138491625065587,12,-466.7154458842467,958.85554930274,13.293396008696504,0.000576832372007471,osm_final_df_2021_2022,coyote
3750 meter buffer,-1.3794938509009167,+,-0.04972571781796085,0.33045385227738927,-0.19204167769512637,-0.1272819036179855,0.2960900065241275,0.034229146334317256,-0.05709709243857895,0.21994818985169343,0.014752223621659951,0.0787863030975354,12,-466.7894634385199,959.0035844112863,13.441431117242814,0.00053567849244555,osm_final_df_2021_2022,coyote
750 meter buffer,-1.3925327731796453,+,0.07342310797280688,0.3436510206361464,-0.11845747173136571,0.007329281990462642,0.28778055145681186,0.08755968731763264,-0.1341411810051293,0.25081187722465537,-0.03534228082404951,0.1914717377926826,12,-469.320429198653,964.0655159315526,18.5033626375091,4.26304332366138e-05,osm_final_df_2021_2022,coyote
500 meter buffer,-1.3901165896613101,+,0.03874836162257646,0.21729425507138664,-0.1126626084152407,0.02085451208980409,0.2931698343685022,0.06564883121836365,-0.12495868383544724,0.19283223640248912,-0.07749655395558289,0.20430702334601128,12,-485.6540228556766,996.7327032455997,51.17054995155627,3.43660922333947e-12,osm_final_df_2021_2022,coyote
250 meter buffer,-1.38606916815067,+,-0.05669995389585335,0.15316842061762598,-0.16366882457732673,-0.022135648280146584,0.21682760056285397,0.1311700564402196,-0.02725794824241658,0.15337721059380108,0.0349785475359766,0.030638539963926934,12,-503.90437509621165,1033.2334077266698,87.67125443262637,4.07476793987041e-20,osm_final_df_2021_2022,coyote
1000 meter buffer,-3.0997592792179884,+,-0.2427971685382327,0.5727364083864646,0.7061622068410492,0.21162467160363174,-0.020861053585978617,-0.5915789175304164,-0.3745712017527108,0.026173370636482837,0.09436321333396373,0.047438724393339723,12,-269.74956004655695,564.9237776273604,0,0.525677783201906,osm_final_df_2021_2022,fisher
750 meter buffer,-3.0787676134967605,+,-0.2584358533664681,0.5548374379425111,0.7433866350097026,0.22503536360311865,-0.05703127199944423,-0.4844852029323953,-0.3410204244295241,0.01612389748448596,0.06571759043102772,0.0688844367165355,12,-270.626983356606,566.6786242474585,1.7548466200980783,0.218604713018433,osm_final_df_2021_2022,fisher
500 meter buffer,-3.0634298510311893,+,-0.315014530663679,0.5009800401385951,0.6974368285680673,0.2636903446066497,-0.1952617420376658,-0.3401411381653159,-0.31992291683924784,-0.054988076888314544,0.06086033661342437,0.0949500287160753,12,-271.31866257861054,568.0619826914676,3.138205064107183,0.109462925664177,osm_final_df_2021_2022,fisher
2500 meter buffer,-3.0139592691812904,+,-0.13658586502347575,0.512510858543374,0.5430847849459742,-0.11199246007166305,0.03130499962333384,-0.49340159380732174,-0.16808311498426406,-0.08696345967758667,-0.017205280657511896,0.18732329334463768,12,-272.2355534295585,569.8957643933635,4.971986766003056,0.0437589018327278,osm_final_df_2021_2022,fisher
1250 meter buffer,-3.061498320424764,+,-0.2543493300750639,0.5113901913540041,0.6093210421381637,0.1592144876017899,-0.04401828201414011,-0.46457796759961417,-0.3740558703329065,-0.009887550345677135,0.06576766803631688,0.044060554925086315,12,-272.6818577420641,570.7883730183747,5.864595391014291,0.0280052152024839,osm_final_df_2021_2022,fisher
2750 meter buffer,-3.005513172257562,+,-0.1379150328691281,0.48773795513521884,0.5311596947369445,-0.16384456612395593,0.04690873297077797,-0.46067772068990936,-0.15064849262228844,-0.1201065617693816,-0.03511908546321462,0.217784683352785,12,-272.778026471476,570.9807104771985,6.056932849838063,0.0254374378676682,osm_final_df_2021_2022,fisher
2250 meter buffer,-3.026090610698842,+,-0.14850530607732848,0.5459942263502321,0.5793126090543056,-0.011387728919991963,0.037879489292839644,-0.5188281514335524,-0.19751010209940562,-0.0434885660388105,-0.025004158256306204,0.12024772575625481,12,-273.3664480605412,572.1575536553289,7.233776027968474,0.0141229400832859,osm_final_df_2021_2022,fisher
3000 meter buffer,-2.994055558458046,+,-0.14252885495293563,0.4720190709026693,0.4993426897612561,-0.21700795084535607,0.053226749597186714,-0.3992715248002738,-0.1325912587822473,-0.12094052115645293,-0.04621732469295117,0.22405348349861767,12,-273.6817374404251,572.7881324150967,7.864354787736261,0.0103037824059296,osm_final_df_2021_2022,fisher
3250 meter buffer,-2.98731432322101,+,-0.1566246459419075,0.4500998002394259,0.4830171197607554,-0.2414068179267799,0.0016887670334537273,-0.35166912144857754,-0.1280096140718756,-0.1117693307208447,-0.05149283602551188,0.2665703900421945,12,-273.89470799502357,573.2140735242937,8.29029589693323,0.00832731018527722,osm_final_df_2021_2022,fisher
2000 meter buffer,-3.029025495013224,+,-0.1699644845363735,0.5262477867700799,0.593537739706886,0.01940845474447223,0.027615191026237437,-0.4856637021608784,-0.23780942288066123,-0.055149542817837655,-0.02247159202346297,0.10881299609752564,12,-273.93429257995973,573.293242694166,8.36946506680556,0.00800411602239009,osm_final_df_2021_2022,fisher
3500 meter buffer,-2.9798091341370667,+,-0.18015615187063447,0.4491744379717132,0.4816302164917352,-0.21503001456342433,-0.055968602302370614,-0.32161402559490093,-0.1314973550908154,-0.08438545815201402,-0.005697267560165581,0.24999721950232925,12,-275.37990922212646,576.1844759784994,11.260698351139013,0.0018857757411329,osm_final_df_2021_2022,fisher
1500 meter buffer,-3.031834779083612,+,-0.2348053867072425,0.4637941491950049,0.5691422668680564,0.1092341399651227,-0.017429273838459717,-0.38683875292595754,-0.3431068467805633,-0.03310497095211974,0.0674887640478789,0.031122778004128045,12,-275.8137479433503,577.0521534209471,12.128375793586656,0.00122201428285303,osm_final_df_2021_2022,fisher
4250 meter buffer,-2.9791840250110977,+,-0.2075827670026801,0.4305838570852083,0.4670011045315418,-0.18053344912976044,-0.2185430814330189,-0.3576092467733271,-0.11934068668362698,-0.019150353090199225,0.009935864927647083,0.34950353411227963,12,-275.904491141663,577.2336398175726,12.30986219021213,0.00111600723896307,osm_final_df_2021_2022,fisher
1750 meter buffer,-3.024476010896709,+,-0.21220541650397107,0.45367400301006927,0.5800992296820303,0.055817885049417156,0.029346499707047984,-0.3844161252777283,-0.3046760778284135,-0.05883175985924416,0.05990679588973871,0.06251460861269474,12,-276.0899337827146,577.6045250996757,12.680747472315261,0.000927107930244989,osm_final_df_2021_2022,fisher
4500 meter buffer,-2.983538688144625,+,-0.22659386739271398,0.4128843418676022,0.47639593521530654,-0.15342957450662803,-0.26664580878783256,-0.36742815975017434,-0.11998825358262989,-0.007801533769785438,0.02868303574775354,0.376617180140174,12,-276.23609355345303,577.8968446411526,12.97306701379216,0.000801039466713167,osm_final_df_2021_2022,fisher
4000 meter buffer,-2.973866086551685,+,-0.19872314081271736,0.43238471049602273,0.4704532354311825,-0.16090702212628827,-0.1394730405649084,-0.36643986405334333,-0.1226651437481881,-0.024823164439599452,0.015423611694745624,0.3077333954640499,12,-276.30471278079995,578.0340830958464,13.11030546848599,0.000747916237916721,osm_final_df_2021_2022,fisher
3750 meter buffer,-2.9729948094936667,+,-0.1957554008084731,0.43234072108587107,0.4689906781114703,-0.17660125292486908,-0.10254244525273437,-0.32843735686185727,-0.13449309448924973,-0.055818892156671386,0.018250417240331863,0.27658547841400943,12,-276.3784507522217,578.1815590386899,13.25778141132946,0.000694750660196913,osm_final_df_2021_2022,fisher
4750 meter buffer,-2.9902131884918273,+,-0.25858553603964235,0.399015002751419,0.48275066071035233,-0.1292612937327667,-0.3254326453446755,-0.3376598167529092,-0.13957982124119836,0.006659563011347366,0.06716275570801014,0.37585967313407936,12,-276.5576006266111,578.5398587874687,13.616081160108251,0.000580798072320808,osm_final_df_2021_2022,fisher
5000 meter buffer,-2.9889753230114122,+,-0.28112624098031147,0.366646461127598,0.47371209638709955,-0.10186127892407307,-0.3271550807536523,-0.28537425448820924,-0.17125708556314814,-9.99882527563478e-5,0.08545725679266153,0.3359963130406575,12,-277.5639617601587,580.5525810545639,15.62880342720348,0.00021230884083192,osm_final_df_2021_2022,fisher
250 meter buffer,-3.001628073250579,+,-0.3662532116117586,0.27795684520124164,0.4160727954375356,0.2552523337909929,-0.24350032884742354,-0.1912888470649664,-0.1936370899016925,-0.07432649218567762,0.008109032081192208,-0.09731483039365661,12,-278.24771763875776,581.9200928117621,16.996315184401624,0.000107156044548268,osm_final_df_2021_2022,fisher
3500 meter buffer,-3.241080451328334,+,0.19422349893753776,0.026637903939877635,0.13080726416889144,0.5600816096647699,-0.18346208683783907,-0.16326461389191627,-0.7268748916169604,-0.024568131069675394,0.09243788573481698,-0.4067358545030568,12,-241.0302154227636,507.4850883797738,0,0.302659755725867,osm_final_df_2021_2022,wolf
3750 meter buffer,-3.240741876062491,+,0.20441444376201767,0.03351442267816476,0.14024868753960446,0.5905996572042187,-0.17143390234062345,-0.20451360823431325,-0.6842826661640755,-0.011821369449825661,0.07760084307509521,-0.43915769616562017,12,-241.25303199449633,507.93072152323924,0.445633143465443,0.242206988373938,osm_final_df_2021_2022,wolf
3250 meter buffer,-3.2380112839088544,+,0.18071188927849594,0.01086599985694601,0.12747190825125912,0.49866981547354916,-0.1705882757319262,-0.11178042232644363,-0.7746112569996888,-0.01252043764836866,0.10367713099952318,-0.391863709623477,12,-241.81035907355027,509.04537568134714,1.5602873015733394,0.138721122575161,osm_final_df_2021_2022,wolf
4000 meter buffer,-3.2289137450098973,+,0.1840877882129492,-0.03536836544630198,0.14546444948570691,0.5887324631275983,-0.13712127723439646,-0.2394817642290033,-0.6795777563912905,-0.028688381660464227,0.06075201446692125,-0.3787118253179255,12,-241.97618345118843,509.37702443662346,1.8919360568496586,0.117523842482305,osm_final_df_2021_2022,wolf
3000 meter buffer,-3.2376252802001044,+,0.18863873490232733,3.671200535879113e-4,0.10314487685006934,0.4369120774008905,-0.17488419021981533,-0.07301723735051023,-0.8349897505630983,0.008779830382250711,0.09972454861486856,-0.3447372657215616,12,-242.93033593012126,511.2853293944891,3.8002410147153114,0.0452629469113779,osm_final_df_2021_2022,wolf
4250 meter buffer,-3.210210778391698,+,0.12219525603696665,-0.09198218950901266,0.14409986256586235,0.5480855499026779,-0.09837332431282048,-0.23752969240437083,-0.7003180313867666,-0.03494812593638359,0.0784305677743538,-0.3362617228930227,12,-243.2758051642843,511.9762678628152,4.491179483041378,0.0320411019529449,osm_final_df_2021_2022,wolf
2250 meter buffer,-3.27077033695396,+,0.1364192644606542,0.32421424946110883,0.19783874992534953,0.264641019101941,-0.3371207096220423,-0.016122712504790908,-0.8264356139271387,0.03813718639853723,0.1998529903288869,-0.49617186904259336,12,-243.43111465700576,512.2868868482581,4.8017984684842645,0.0274319946991752,osm_final_df_2021_2022,wolf
2750 meter buffer,-3.2447020527735817,+,0.1903258003826741,0.053462259848506256,0.11995080543762295,0.3844532606199778,-0.18851666146735782,-0.05347021883658486,-0.8662870752313827,0.026599838021628273,0.11656928257053432,-0.33948677573307434,12,-243.53830683254256,512.5012711993317,5.016182819557855,0.0246436151434829,osm_final_df_2021_2022,wolf
2000 meter buffer,-3.264611674819209,+,0.1043906085504198,0.3375102314961464,0.21812399768180696,0.21946041797289934,-0.37561093398125805,0.0026864500635710425,-0.8083137630977708,0.019235289444193487,0.2295828902553124,-0.4573243952757115,12,-243.66316291681807,512.7509833678827,5.265894988108869,0.021751044124644,osm_final_df_2021_2022,wolf
2500 meter buffer,-3.253495299568023,+,0.1651169313807218,0.183697777526503,0.14189907517742803,0.3071263788587594,-0.25878440200946223,-0.017175619619214495,-0.8666287111840119,0.04402647438634781,0.16640039261613052,-0.4050369632834279,12,-243.9819242765552,513.388506087357,5.9034177075831735,0.0158140755709745,osm_final_df_2021_2022,wolf
4500 meter buffer,-3.1871775977059467,+,-0.0236406419690148,-0.2649012675035391,0.11985996293719789,0.4780229337995955,-0.04722502560375204,-0.16248688035169945,-0.808571262668811,-0.05613894354142025,0.11889953342321538,-0.23365280668579866,12,-244.11179447117848,513.6482464766035,6.163158096829704,0.0138880701322828,osm_final_df_2021_2022,wolf
1750 meter buffer,-3.248177821416645,+,0.07699666960679566,0.3188754515620368,0.2068444640444525,0.15508902779303613,-0.3461729973957269,0.007224683607922482,-0.7935840806634142,-0.06795360651237026,0.22576119374248624,-0.4211788557669596,12,-244.6347722032742,514.694201940795,7.209113561021184,0.00823219326596421,osm_final_df_2021_2022,wolf
4750 meter buffer,-3.1909005349714383,+,0.07609415028259067,-0.05838900278339478,0.1537727914858632,0.5113154206784798,-0.0859328170915715,-0.30661830737171375,-0.6687589285697417,-0.042685508013475426,0.08722261292984669,-0.29135251365936343,12,-245.21269881320424,515.8500551606551,8.364966780881275,0.00461875812906552,osm_final_df_2021_2022,wolf
5000 meter buffer,-3.18783103023667,+,0.07780714466710778,-0.0061590542397746305,0.15543179025268472,0.5095131471392179,-0.09069219036055887,-0.35984272205052403,-0.6356449620776905,-0.03932425085965546,0.08120179913791448,-0.2923716151364711,12,-245.84192744287478,517.1085124199961,9.623424040222346,0.00246181094607934,osm_final_df_2021_2022,wolf
1500 meter buffer,-3.223890396281684,+,0.07234154399679947,0.29627759574500756,0.17376918857418555,0.09912090752059964,-0.32426233929158466,-8.690489651162231e-4,-0.7546657619317519,-0.044327801465449373,0.21076901781252547,-0.36824065673800044,12,-245.92381186481165,517.2722812638699,9.7871928840961,0.00226825953812925,osm_final_df_2021_2022,wolf
1250 meter buffer,-3.189647245554757,+,0.08133856459320213,0.15456039504340133,0.09351105509900043,0.08397109550338738,-0.2758478616088186,-0.006260504826374316,-0.7537462303633665,-0.0026099890521694437,0.15811719460010826,-0.287058393854597,12,-247.95464464791866,521.3339468300838,13.848858450310047,0.000297655063187244,osm_final_df_2021_2022,wolf
1000 meter buffer,-3.172839510348611,+,0.06784187462033886,0.04762118148032072,0.04409085005482815,0.0616442225333494,-0.19445813030484332,0.00865095887165833,-0.7956591355783712,0.04657443308958785,0.10346725529379747,-0.2758236038205576,12,-249.38121557665391,524.1870886875544,16.702000307780565,7.14761895719785e-05,osm_final_df_2021_2022,wolf
250 meter buffer,-3.2120896547028166,+,0.024559127593229143,-0.13633114596504545,-0.016463872215539948,-0.06204844357904801,0.07144122516351238,0.02860862511749554,-1.1088557215137609,0.01309175373179706,0.2204754578277801,-0.06846462982785358,12,-249.71646732282142,524.8575921798894,17.372503800115567,5.11167705971715e-05,osm_final_df_2021_2022,wolf
500 meter buffer,-3.1583479105270365,+,-0.002271218451444587,-0.06500891308831219,-0.11036677392243821,-0.12392074333584628,-0.06535686093065564,0.016396072048006843,-0.8088530697177151,0.06742083722718356,0.10091086036483836,-0.30235730646847325,12,-249.84446931459948,525.1135961634455,17.62850778367175,4.49751737602279e-05,osm_final_df_2021_2022,wolf
750 meter buffer,-3.149762254963423,+,0.06994337318014854,-0.08637353666026491,-0.00899522164207372,0.041692260061505025,-0.10912201884601784,0.037890981661292567,-0.8334032762441779,0.11677188789824841,0.032246610353356034,-0.12850018158597032,12,-251.43167744392048,528.2880124220875,20.80292404231369,9.19723149206901e-06,osm_final_df_2021_2022,wolf
250 meter buffer,-1.8984280990828761,+,-0.3028832976959844,-0.13488290775784317,-0.01856412906340509,0.010849692086648047,0.10052321490343319,0.0037301062312228776,0.0755384176833915,-0.17253978374995182,0.049833648792872484,-0.21727740819480706,12,-436.04332728751695,897.5113121092804,0,0.981884779044254,osm_final_df_2021_2022,lynx
500 meter buffer,-1.884363263241766,+,-0.2175199012597999,-0.09147432957064743,0.0468962904403823,0.16345356960488805,0.12234718740095386,-0.09004194883875917,0.07648397431527704,-0.09087614068064812,-0.0178845993660281,-0.21365611988971056,12,-440.22470547705194,905.8740684883504,8.362756379069992,0.0150006836838461,osm_final_df_2021_2022,lynx
3250 meter buffer,-1.8876961632914624,+,0.16917584350330528,0.14348731003258716,0.012155249616889865,0.16577244596228258,0.008736216579735872,-0.10372527980315291,0.1165065952368034,-0.13784894045793428,0.09311237747245593,-0.28433533173923153,12,-443.6424872997661,912.7096321337788,15.198320024498344,0.000491798576473419,osm_final_df_2021_2022,lynx
3000 meter buffer,-1.8871120694850663,+,0.1596996562752554,0.1620394690776874,0.020307082189815896,0.17251628668511712,0.0027113002116893555,-0.10517810319681706,0.12049831775796892,-0.1069404496168919,0.0925343957588094,-0.3064524085606818,12,-443.6498130434315,912.7242836211095,15.212971511829096,0.000488208950560371,osm_final_df_2021_2022,lynx
1000 meter buffer,-1.8726008078689678,+,-0.10682365217671096,-0.013451588303754213,0.07761813143121325,0.13004422254087916,0.08167316748216683,-0.03501847384458079,0.07623316338618652,-0.0013160838534916996,0.10100901125560936,-0.2315831098034069,12,-444.1067343750632,913.6381262843729,16.126814175092477,0.000309148628599085,osm_final_df_2021_2022,lynx
3500 meter buffer,-1.8863047847579704,+,0.17212477200647577,0.1314318051819752,-3.698710374413289e-4,0.1361746403010912,0.0015908019771012697,-0.08794902336361103,0.10397269856365789,-0.1588383538246621,0.0999189766332765,-0.2578487633286563,12,-444.11159721759117,913.6478519694289,16.136539860148446,0.000307648936838198,osm_final_df_2021_2022,lynx
1250 meter buffer,-1.8732429470449026,+,-0.08982380815063688,0.07801731771829823,0.08787920014810663,0.14980991709828384,0.043882422757061404,-0.051076812949751,0.09034415180161559,0.06122314862483022,0.11412405549340066,-0.2692155568805581,12,-444.2215783998953,913.8678143340371,16.356502224756696,0.000275607605558649,osm_final_df_2021_2022,lynx
750 meter buffer,-1.8745008729946704,+,-0.1499938337158904,-0.04746628364085113,0.07540607080742588,0.12483804204953067,0.10760972846659117,-0.04502096049517391,0.07205674120439805,-0.03861717033433903,0.03278183042211733,-0.19569494642825636,12,-444.4865544678663,914.3977664699792,16.886454360698735,0.000211452855278501,osm_final_df_2021_2022,lynx
3750 meter buffer,-1.8852176217957868,+,0.1756257544455287,0.12877074920149773,-0.006577549610416668,0.09997960409300867,4.248340253353019e-4,-0.07978216695251106,0.0958734974634137,-0.17562785273419215,0.09758096811310088,-0.2372007090938625,12,-444.5270713063251,914.4788001468968,16.967488037616363,0.000203056695595458,osm_final_df_2021_2022,lynx
2750 meter buffer,-1.8832550896667657,+,0.13865872948868777,0.16534885508064784,0.02199804704189528,0.1632115750330695,0.003943819244433467,-0.09281479575008064,0.11958992617618744,-0.08315900713547177,0.08370258842431696,-0.3160955495357919,12,-444.6874399464672,914.7995374271809,17.28822531790047,0.000172969726620727,osm_final_df_2021_2022,lynx
1500 meter buffer,-1.8728910749610368,+,-0.05907215407677404,0.14371927636384677,0.09020439596830836,0.14671107890698423,0.019547118819366858,-0.05109376590844851,0.10155633082829899,0.06710687328786405,0.12622060453488831,-0.28650682285278783,12,-444.87124144603524,915.167140426317,17.655828317036594,0.000143928275543384,osm_final_df_2021_2022,lynx
4250 meter buffer,-1.881576190430539,+,0.18007627206560128,0.09101601947981465,0.002492953065172848,0.06487366015059311,0.025073675024258824,-0.07659596685517389,0.09533020345347407,-0.17753674587273555,0.09542228212820889,-0.19567053697569742,12,-445.17943716299214,915.7835318602308,18.2722197509504,0.000105754394437604,osm_final_df_2021_2022,lynx
4000 meter buffer,-1.8827431891980415,+,0.1773270685388964,0.10850337419539939,-0.0039007980955842615,0.07577853164706705,0.010306852049259557,-0.08149747616250691,0.0940852100815312,-0.1755492241625175,0.0932754811293262,-0.20170065078636587,12,-445.3382742571445,916.1012060485356,18.58989393925515,9.02228100264887e-05,osm_final_df_2021_2022,lynx
5000 meter buffer,-1.874674183515185,+,0.1294142085035054,0.043496658583172164,0.029509101901567796,-0.012003425554740018,0.07818537217458807,-0.07420459120349905,0.1016988267883158,-0.16734436567035033,0.09053451954167735,-0.1283397950529159,12,-445.73590151766916,916.8964605695849,19.385148460304436,6.06218274612037e-05,osm_final_df_2021_2022,lynx
4750 meter buffer,-1.8750633544667286,+,0.14594956768685313,0.05866017562729428,0.019609829141455502,-0.010608697257883411,0.06299245240731206,-0.06444063687547777,0.09295081167635078,-0.16379788264694747,0.09616824435852245,-0.14018783972969112,12,-445.792282552933,917.0092226401125,19.497910530832087,5.72984734547636e-05,osm_final_df_2021_2022,lynx
4500 meter buffer,-1.8777389116629113,+,0.17075165357028171,0.0651520301657961,0.012416362583330818,0.02204842135985014,0.04723437547884082,-0.07609015657077468,0.0927125905515985,-0.169661588046686,0.09431667638840191,-0.14809906536921416,12,-445.8236076521085,917.0718728384635,19.560560729183067,5.55314142370951e-05,osm_final_df_2021_2022,lynx
2000 meter buffer,-1.8728981467277874,+,0.040975998143320994,0.18325868458393746,0.08049204295139534,0.10730576167335809,0.01451955574640376,-0.046310036638751106,0.10571156385271299,0.026895854394411663,0.11284790473892187,-0.3164330815160161,12,-445.99458152652466,917.4138205872958,19.90250847801542,4.68042966980166e-05,osm_final_df_2021_2022,lynx
2500 meter buffer,-1.8770098264084663,+,0.10510537436090855,0.1799827759701683,0.03802483093057417,0.11925861423913535,0.0075045339439733065,-0.08202264702906917,0.11113085184283963,-0.06245400994919032,0.08584787078553281,-0.3023679348462115,12,-446.27806500487804,917.9807875440026,20.4694754347222,3.52509165430888e-05,osm_final_df_2021_2022,lynx
1750 meter buffer,-1.870128235064338,+,-0.006825369348379376,0.15908624562283152,0.08378937952527706,0.1056020571286722,0.018253165735666165,-0.03841142596570478,0.10152779702834375,0.043044697050172775,0.11681139854479465,-0.29390783213566163,12,-446.3128849790047,918.050427492256,20.539115382975524,3.40446043000235e-05,osm_final_df_2021_2022,lynx
2250 meter buffer,-1.8738671786357013,+,0.07993422747461093,0.18793882003048976,0.060207260612332864,0.0928595079393699,0.014027316381877548,-0.06802448715398411,0.10682084231651832,-0.03586047126094187,0.0952974427952658,-0.2986471147354355,12,-446.61417758219926,918.65301269864506,21.141700589364632,2.5188283673763e-05,osm_final_df_2021_2022,lynx
250 meter buffer,-1.8497161927714076,+,-0.010623977422205791,-0.4000924356770023,-0.28907134230403153,-0.11309260091827014,-0.18076980563992406,0.0424104972831164,0.1464444607371049,0.1050695234565095,0.08050522516480807,-0.03034154851789713,12,-427.083478259471,879.5916140531886,0,0.940842679674393,osm_final_df_2021_2022,moose
500 meter buffer,-1.8453635294546984,+,0.007943111941817243,-0.24770449005693274,-0.20865494180431868,-0.028001318994400785,-0.2957917947412639,0.07822213672163714,0.11636585572422131,0.07392271806472193,0.057052607884390365,-0.059819227612331737,12,-430.5928700474824,886.6103976292113,7.01878357602277,0.0281454062616018,osm_final_df_2021_2022,moose
750 meter buffer,-1.8426375952274645,+,0.022287853118081288,-0.17144965896498462,-0.12682403174075985,0.012860985455890367,-0.33820140284364186,0.10344897887404692,0.09163895217555015,0.003155746845215552,0.04281247838223032,-0.12909874760616843,12,-431.1488064854011,887.7222705050488,8.130656451860204,0.0161423736041866,osm_final_df_2021_2022,moose
1000 meter buffer,-1.8393158262302625,+,0.0028889101599890352,-0.1717336508127418,-0.15426763522127981,-0.0058777468606475425,-0.30068339902049257,0.10277281915334292,0.06803397951527264,-0.06583355339019474,0.061155038533533455,-0.1643232075383885,12,-431.3512166066668,888.1270907475802,8.535476694391605,0.0131844432674094,osm_final_df_2021_2022,moose
1250 meter buffer,-1.8319661742259874,+,0.022185769040501152,-0.1532405101408482,-0.1673729668772709,0.02671659141128952,-0.24239178248491414,0.10130518007287741,0.0580559161355899,-0.046035691646608215,0.07610495964967623,-0.14408257852912235,12,-434.2784603205212,893.981578175289,14.389964122100423,0.000705953350370367,osm_final_df_2021_2022,moose
1500 meter buffer,-1.8321775707211851,+,0.01768919894122068,-0.07823902468038928,-0.16386674162705567,0.026176801090071925,-0.2504926027995317,0.1005918336048993,0.056759164990655774,-0.060175420835531596,0.08446436723957026,-0.19605162777663646,12,-434.9712214545682,895.3671004433829,15.775486390194374,0.000353112966905578,osm_final_df_2021_2022,moose
1750 meter buffer,-1.8294188708341912,+,0.005967839565027041,-0.06775200831435468,-0.15424499988619697,0.03720486590193291,-0.1992674492517401,0.11300328944044649,0.03975871184305094,-0.06810873685653551,0.06578644775359856,-0.25988910456252173,12,-435.7039947660493,896.8326470663451,17.24103301315654,0.000169697037331859,osm_final_df_2021_2022,moose
2500 meter buffer,-1.8273606327571066,+,-0.02062618114435998,-0.011378206103301442,-0.13542130923825127,-0.005974313426552602,-0.2374116762678091,0.2023569377174488,-0.017189591100481533,-0.014274673540700559,0.08757600908234356,-0.2709553976649738,12,-436.44421840475707,898.3130943437607,18.721480290572117,8.09467130910104e-05,osm_final_df_2021_2022,moose
2750 meter buffer,-1.8275642001080952,+,-0.020803202510684366,0.003767231421525874,-0.13334998235859866,0.007117297833658555,-0.26149372176952973,0.21296301285418956,-0.021113295784732266,-0.014686467744820006,0.0873738006587252,-0.2567181433288135,12,-436.60932293205485,898.6433033983562,19.051689345167688,6.86270346230733e-05,osm_final_df_2021_2022,moose
3000 meter buffer,-1.8271562028800044,+,-0.024106844291206384,0.03277730829287744,-0.12002779164347195,-0.01515088408849025,-0.27403141083433963,0.21857661700181144,-0.02390537828659504,-0.03225684149739162,0.09076932586897932,-0.26306338700525483,12,-436.6754017855581,898.7754611053628,19.1838470521742,6.42388195797798e-05,osm_final_df_2021_2022,moose
3250 meter buffer,-1.824837586894892,+,-0.03328581536358586,0.04779450495292542,-0.10987427027755,-0.029267529447844436,-0.2843231827870977,0.2181597800866942,-0.027604870379212842,-0.03275987519805971,0.09238101970049396,-0.2434891898931304,12,-437.0982145682509,899.6210866707484,20.029472617559804,4.20893572415859e-05,osm_final_df_2021_2022,moose
2000 meter buffer,-1.8265256714209117,+,-0.010088945068913639,-0.018673899631009717,-0.13426642511333248,0.015523747733136167,-0.18788357350204618,0.13048425374917919,0.021380294560022772,-0.03716231204706384,0.06642959266110701,-0.29839895806290584,12,-437.1558975523255,899.7364526388975,20.144838585708953,3.97302128626549e-05,osm_final_df_2021_2022,moose
2250 meter buffer,-1.8261497989727824,+,-0.00867033472957768,-0.0258133519090012,-0.14134645070161597,-0.004633223795323979,-0.20271392638300315,0.16861612514848778,-6.894856591416308e-4,-0.02243982844999562,0.0714807342457385,-0.2764172616838431,12,-437.20314013057333,899.8309377953932,20.239323742204647,3.78969013168249e-05,osm_final_df_2021_2022,moose
3500 meter buffer,-1.8225051150889569,+,-0.04640803782028564,0.04744264571786134,-0.10794538722103231,-0.05320203961527642,-0.2894988437829933,0.22713705581553717,-0.03535992642685579,-0.03196726867185274,0.09331236306780917,-0.21965223781177573,12,-437.28523686852213,899.9951312712908,20.40351721810225,3.49099752219247e-05,osm_final_df_2021_2022,moose
3750 meter buffer,-1.8204953020346373,+,-0.05890659306380766,0.04692517593445694,-0.1097163182698782,-0.08505961480764626,-0.29640700453043417,0.23506486237638458,-0.04422012555572485,-0.028397004137872266,0.09740064512465726,-0.17824882721763727,12,-437.44964830004255,900.3239541343316,20.732340081143093,2.96173749249504e-05,osm_final_df_2021_2022,moose
4000 meter buffer,-1.817861310636634,+,-0.06756698582019842,0.04323506306165817,-0.09741684730801056,-0.11392211979806856,-0.28220877730168853,0.2277389319534167,-0.05192823557585861,-0.028003813764249093,0.10050588513879317,-0.15067915009179117,12,-437.7958580627297,901.0163736597059,21.42475960651734,2.09502675493581e-05,osm_final_df_2021_2022,moose
5000 meter buffer,-1.8125486155413306,+,-0.10706771482973032,0.04794982470284106,-0.06937348729635431,-0.22747077436650412,-0.19792836247461315,0.2577780387658196,-0.07459853859061727,0.02654106148536524,0.10798249461380158,-0.14820777549829317,12,-438.0025877327143,901.4298329996751,21.838218946486563,1.70375843380785e-05,osm_final_df_2021_2022,moose
4250 meter buffer,-1.814627717179246,+,-0.08032028590077185,0.041375004886188664,-0.08017510102047304,-0.1231503506446421,-0.25777849556608007,0.2075310173972561,-0.049849903936557145,-0.01447314147908246,0.1040481717836361,-0.13819368981308328,12,-438.6585379730358,902.7417334803181,23.15011942712954,8.84163228150054e-06,osm_final_df_2021_2022,moose
4750 meter buffer,-1.812393500247202,+,-0.10047079272089314,0.06271136330809418,-0.06349063809593619,-0.1600604534344714,-0.2124468008421093,0.20998896492674698,-0.05223312265691019,0.020226621821666152,0.10470022721029992,-0.17151671536262159,12,-438.989224731016,903.4031069962786,23.811492943090002,6.35209543893166e-06,osm_final_df_2021_2022,moose
4500 meter buffer,-1.8128330134727153,+,-0.09262823692045193,0.04346404283723316,-0.07208039215994326,-0.12806290492148614,-0.23482223294936358,0.19885007978629105,-0.04863230609106541,0.0032911233134360965,0.10496803888525412,-0.14419802490128758,12,-439.2095792032682,903.843815940783,24.252201887594424,5.09586933172809e-06,osm_final_df_2021_2022,moose
4750 meter buffer,-4.710660148024396,+,0.17194497057371527,0.39220003799746184,-0.7937155280639372,0.443882064265931,0.21150823139831318,0.8513391808908233,-0.6407402865136177,-0.5666138560584131,-0.8160981694792532,-0.8512377427851218,12,-163.48062380407188,352.38590514239036,0,0.366734863599855,osm_final_df_2021_2022,fox
5000 meter buffer,-4.438341611206051,+,0.1962039685267468,0.6080073983016999,-0.6282532354683054,0.49753311187474397,0.024189383372587487,0.3620279604476361,-1.2923731046678426,-0.23653068920517611,-0.8335379671078088,-0.4373352409552165,12,-163.4941400256132,352.412937585473,0.027032443082646296,0.361811342592418,osm_final_df_2021_2022,fox
4500 meter buffer,-4.704823993172386,+,0.14799526387515466,0.37421188005984096,-0.7967578719971026,0.3943829551792952,0.2048503324990542,0.8338867329123594,-0.5959463453557664,-0.5178398248188459,-0.8812318990746149,-0.8090612792951933,12,-164.1206632555513,353.6659840453492,1.2800789029588486,0.193368886369539,osm_final_df_2021_2022,fox
1500 meter buffer,-4.533097246839841,+,-0.24592637666243689,0.40509622147800434,-0.12634315930179577,0.5745371802566024,0.16729075058418966,-0.26360178843945603,-0.3878653924089468,-0.12179074400558194,-0.7753647648420988,-0.5035217427636214,12,-165.9899099011593,357.4044773365652,5.018572194174851,0.0298251813183166,osm_final_df_2021_2022,fox
1750 meter buffer,-4.593444163724485,+,-0.14645672841439103,0.23752174563068823,-0.16775373577866978,0.5892873559242614,0.3033089009562645,-0.09302958653719116,-0.47177827800656413,-0.19126298912830061,-0.8771643360466126,-0.4425342340859025,12,-166.51848342350084,358.46162438124827,6.075719238857914,0.0175803099869004,osm_final_df_2021_2022,fox
4250 meter buffer,-4.582045480748123,+,0.11119452896308253,0.2584422701465738,-0.764483554228138,0.29988051168041785,0.039526358836477656,0.7598698989598138,-0.7223977760727515,-0.41426235890592145,-0.7283896167890239,-0.4445907134704815,12,-166.79885021099392,359.02235795623443,6.636452813844073,0.0132820398781951,osm_final_df_2021_2022,fox
4000 meter buffer,-4.307352650104396,+,0.08980852712578119,0.5899049060846281,-0.4566413306776591,0.46694968219137606,-0.49779009601427365,0.20961822398873792,-1.0132029763150576,-0.05408188603750582,-0.6360046891145708,-0.15738128254324898,12,-167.5841061963162,360.592869926879,8.206964784488662,0.00605664945652572,osm_final_df_2021_2022,fox
1250 meter buffer,-4.413306652838482,+,-0.2390297495283333,0.4211023265685285,-0.1087313569501061,0.5176596779794351,0.16541927273797585,-0.5817620625007786,-0.3944368089678912,-0.0921359326330478,-0.7080354959933234,-0.16274230038065396,12,-168.5672256920664,362.55910891837937,10.173203775989009,0.00226604779919021,osm_final_df_2021_2022,fox
3750 meter buffer,-4.259312380068449,+,0.03255183863922958,0.6150068784330837,-0.3144031551626217,0.5523548337923753,-0.5673691685486904,0.10938965636667657,-0.8916777029592685,-0.001070778262699092,-0.47016061985086044,-0.14063391263894134,12,-168.61821303718983,362.66108360862626,10.2751784662359,0.00215340414086855,osm_final_df_2021_2022,fox
2000 meter buffer,-4.463057029096251,+,-0.09590963522771871,0.33783342263460187,-0.10968856113555904,0.6123615790365895,0.2347162020124269,-0.22122562267101686,-0.5056791543949344,-0.14101183269896275,-0.7710160122226932,-0.2947945056649717,12,-168.76879003905745,362.9622376123615,10.576332469971135,0.00185238298365388,osm_final_df_2021_2022,fox
2250 meter buffer,-4.206356799900772,+,-0.05169431150634451,0.7396065629758435,-0.01560293404449186,0.7021325677948999,-0.0060977385115945516,-0.47668309410034687,-0.6592437175017539,0.16294902271457393,-0.6500050660574086,-0.19990877660475315,12,-168.8711948075549,363.1670471493564,10.781142006966036,0.00167207963309413,osm_final_df_2021_2022,fox
2500 meter buffer,-4.18538562486365,+,-0.0026727757997314157,0.7367246019867877,-0.06084645625438315,0.6474266413739992,-0.019592999192246316,-0.39525623676553534,-0.6246436691493528,0.13669667577295,-0.6584918301691735,-0.22972426775319096,12,-169.1972548364469,363.81916720714037,11.43326206475001,0.00120684330532539,osm_final_df_2021_2022,fox
1000 meter buffer,-4.423257079651113,+,-0.2049562280730713,0.5975676913806139,-0.04113826486423511,0.5440339086124704,0.13011716150721478,-0.9246713201768764,-0.2719116654669033,-0.06702761540013728,-0.6733136486576008,-0.15839665171258063,12,-169.24430811048512,363.91327375521684,11.527368612826479,0.00115137264857286,osm_final_df_2021_2022,fox
2750 meter buffer,-4.16572498778831,+,0.04746970622930021,0.669547146977319,-0.11748635746840633,0.5551105506072841,-0.05390799174591706,-0.293169390772654,-0.6556688736150209,0.11087353873094395,-0.6456739485755532,-0.1508334377580523,12,-170.52747272983868,366.47960299392395,14.093697851533591,0.000319113072004962,osm_final_df_2021_2022,fox
500 meter buffer,-4.3315847817041355,+,-0.11916259373166946,0.6214100974060972,0.3655288100846467,0.3195531947001673,0.3638426901034835,-0.34869970580266857,-0.2527238625316198,-0.17335081826284116,-0.6186467424632082,0.22432380752437153,12,-170.87165817826593,367.16797389077846,14.782068748388099,0.000226186538235637,osm_final_df_2021_2022,fox
3500 meter buffer,-4.159307101475084,+,3.266239868175756e-5,0.6637445885149166,-0.20005475001250597,0.5829544464683248,-0.2536848053270291,-0.05723366874761712,-0.698194908915676,0.040427737512115244,-0.4202069475885805,-0.2561072329422879,12,-170.93523636575455,367.2951302657557,14.909225123365331,0.000212253616042368,osm_final_df_2021_2022,fox
3000 meter buffer,-4.150422780255126,+,0.053388193684485954,0.6574876381505201,-0.13367495640497792,0.5417044528689282,-0.10820973684487613,-0.18213744827652065,-0.6493256744250226,0.10274153991372172,-0.5829770935656892,-0.16998766278145946,12,-171.40534067399915,368.2353388822449,15.849433739854533,0.000132645154772807,osm_final_df_2021_2022,fox
3250 meter buffer,-4.148093812129646,+,0.03464357350888788,0.5885693469791629,-0.1351195680584507,0.587490052087651,-0.1390492844265685,-0.17195933665560287,-0.7082678378270792,0.0882408470651485,-0.44965559213336775,-0.10652837247514672,12,-171.86588261048541,369.1564227552174,16.770517612827064,8.36913491760127e-05,osm_final_df_2021_2022,fox
750 meter buffer,-4.350466590613392,+,-0.225696612341178,0.4363296162968013,0.11421495157869321,0.5122062340253412,0.22146424184701555,-0.3705967375234487,-0.16543996195263846,-0.052969716430917906,-0.6205386879210228,-0.164125980385524,12,-172.44037433116037,370.30540619656733,17.919501054176976,4.71174724101214e-05,osm_final_df_2021_2022,fox
250 meter buffer,-4.314438146915636,+,-0.07558659980191035,0.5478318683908387,0.14059909655296574,0.29979057654546065,0.19256216981526356,-0.4046851214638884,0.04142460928926525,-0.087317738541518,-0.8328835928653382,0.11473475734394732,12,-173.42573969377736,372.2761369218013,19.890231779410954,1.75890849038292e-05,osm_final_df_2021_2022,fox
1500 meter buffer,-0.21180179782892183,+,-0.08697915041535743,-0.18343654716910707,-0.06969916147770615,0.14372746895638616,0.3569560715780633,0.04693083658679652,-0.45471725805596325,-0.08996000951931225,0.16851613226290024,0.35761340950558135,12,-559.5355745709126,1144.4958066760717,0,0.233694540922049,osm_final_df_2021_2022,deer
4000 meter buffer,-0.22283343545567372,+,-0.2049766221677897,-0.08780588357643142,-0.0885416009800406,0.30653917782149986,0.20427158182541086,-0.08643391152805398,-0.3458369850407517,-0.04041973025965734,0.22183271248924188,0.3528060159676681,12,-559.6138918865626,1144.6524413073716,0.156634631299994,0.216090557234546,osm_final_df_2021_2022,deer
4500 meter buffer,-0.22649981685379017,+,-0.23139409569353797,-0.031435450421701844,-0.09763181015286047,0.35504369902296046,0.1960369432841982,-0.14854628932374564,-0.29997180619943326,-0.04713276426621533,0.2099544302763332,0.31476466529196434,12,-559.7404899451845,1144.9056374246156,0.4098307485439818,0.190394742234078,osm_final_df_2021_2022,deer
4250 meter buffer,-0.22449012318719225,+,-0.22030347011401394,-0.06639821340602632,-0.09771188055125994,0.3257461800838528,0.19936617275588706,-0.11323151099061234,-0.3221221533611332,-0.057410958360296624,0.2130901743742105,0.33546987028289854,12,-559.8449150138874,1145.1144875620214,0.6186808859497432,0.171515636770884,osm_final_df_2021_2022,deer
3750 meter buffer,-0.21916634145595013,+,-0.17859058676889136,-0.11040299289858133,-0.09364101131320336,0.27871117606857504,0.20604548674146467,-0.0396719640920265,-0.3671571297515037,-0.03409730468136726,0.2232338137432058,0.36811564163611304,12,-560.4516069843412,1146.327871502929,1.8320648268572768,0.0935019665321164,osm_final_df_2021_2022,deer
4750 meter buffer,-0.22821685688055945,+,-0.2537553058205352,0.02221038304702665,-0.08592438160532671,0.35768241764501674,0.1891270417259923,-0.20330558757060493,-0.2724234233239954,-0.028221939792324843,0.20937159608138986,0.30114312473758487,12,-561.6082078299681,1148.6410731941828,4.145266518111157,0.0294113784881123,osm_final_df_2021_2022,deer
3500 meter buffer,-0.21730547370722716,+,-0.15909038092372033,-0.11708490582803935,-0.09228862961342921,0.265981383923848,0.20969878967464053,-0.034266879738105285,-0.3659441674900441,-0.03980813672996234,0.21630320831404948,0.370208711829724,12,-562.0941823450277,1149.6130222243019,5.117215548230206,0.01809086487479,osm_final_df_2021_2022,deer
5000 meter buffer,-0.23048805503454997,+,-0.27597319943710397,0.043026443634974515,-0.08800771180833923,0.35136994794278625,0.182275641515263,-0.2536382601915627,-0.2488776484937457,-0.02063039585491261,0.21272947992370334,0.3184518791848907,12,-562.384430307671,1150.1935181495885,5.697711473516847,0.0135333789032987,osm_final_df_2021_2022,deer
1250 meter buffer,-0.2057161293615677,+,-0.08675303584686432,-0.12635206344153577,-0.05513990773548779,0.13263971217069323,0.36656032502234376,0.036414971927169484,-0.43483740652152447,-0.07623988124688418,0.1551359466500713,0.31896400756288257,12,-562.4468992136971,1150.3184559616407,5.822649285569014,0.0127138282430609,osm_final_df_2021_2022,deer
1750 meter buffer,-0.2067685815380774,+,-0.09977419425406177,-0.17263201581809431,-0.07167219550295391,0.14085255786648299,0.32240173890004364,0.05921844031973659,-0.4230096231963317,-0.10163401881606447,0.16782175194635332,0.3486282589542335,12,-562.5916881614941,1150.6080338572347,6.112227181163007,0.0110000662042633,osm_final_df_2021_2022,deer
3250 meter buffer,-0.21167194400424008,+,-0.13329465628199466,-0.1290523604701241,-0.09846752703785039,0.25219342707781583,0.2181026546225408,-0.011204600243024996,-0.3567852444119152,-0.027832736848616257,0.2069102338113062,0.37930253408410797,12,-562.9868035295912,1151.3982645934288,6.9024579173571965,0.0074096701433712,osm_final_df_2021_2022,deer
3000 meter buffer,-0.20550965894256426,+,-0.11846276316077234,-0.120867000927349,-0.10008697639912736,0.22913745666300347,0.22725042326629588,-0.0014108949794639587,-0.3422108238017814,-0.016092526883677065,0.18994592508524688,0.38040277094307534,12,-565.0241120809939,1155.4728816962343,10.977075020162602,0.000966066479141819,osm_final_df_2021_2022,deer
2000 meter buffer,-0.20576762164266427,+,-0.10146795383089298,-0.15153275294729918,-0.07911290969321098,0.1543789925597048,0.28780434636198315,0.03922625424588775,-0.40145050518179126,-0.0949253904639714,0.16499697862939786,0.3538202952271768,12,-565.3652147124218,1156.15508695909,11.659280283018461,0.000686859678906216,osm_final_df_2021_2022,deer
2250 meter buffer,-0.2033034815577774,+,-0.11370795413639391,-0.13739338859631117,-0.08352999581697032,0.1605326843112284,0.2665276912601913,0.02014945021307763,-0.3672113667468182,-0.05274900592754888,0.17912160063765736,0.3788620026630186,12,-565.9253471008587,1157.275351735964,12.77954505989237,0.000392288536279451,osm_final_df_2021_2022,deer
2750 meter buffer,-0.20327817142705584,+,-0.10732093769250708,-0.12086955345485398,-0.09510206445245499,0.20523539315320408,0.23555253489025568,0.00363901127200214,-0.3422297398299502,-0.02910963802414417,0.18797903807943714,0.383389914359276,12,-566.0391311920042,1157.502919918255,13.007113242183323,0.000350098148627435,osm_final_df_2021_2022,deer
2500 meter buffer,-0.20433456801345928,+,-0.10765711118155104,-0.12308645533910734,-0.09080591661046314,0.18918193942992662,0.2470561262705924,0.00848368457613827,-0.34497568786966976,-0.04236589893568305,0.18781293825598222,0.369922731590405,12,-566.3868939595521,1158.1984454533508,13.702638777279162,0.000247262561056911,osm_final_df_2021_2022,deer
1000 meter buffer,-0.189595774876054,+,-0.11220104515902576,-0.016106577188627406,-0.014125595118018459,0.08257206303200972,0.33887023453294524,0.05285867300633642,-0.34212140280792613,-0.0681823882260076,0.14888925193271954,0.27620629301245403,12,-572.1279699328775,1169.6805974000015,25.184790723929837,7.94037014509339e-07,osm_final_df_2021_2022,deer
750 meter buffer,-0.17806497677782668,+,-0.07972437537533716,0.03350324194223189,-0.015874394199892058,0.05410519830038648,0.3299672139615498,0.09892752983166014,-0.2814914079992389,-0.014565649591955112,0.08956160658444436,0.25604451253686056,12,-583.5891989604207,1192.603055455088,48.107248779016345,8.36165462672225e-12,osm_final_df_2021_2022,deer
500 meter buffer,-0.18294972829912917,+,-0.011198630509351689,0.019784090713946628,-0.056135577094893245,0.05070313429337435,0.3135972808619195,0.11668259852195977,-0.26445863807693,0.03644964907816415,0.10641335180083382,0.24463999726187277,12,-588.8825951430093,1203.1898478202652,58.694041144193534,4.20145264256704e-14,osm_final_df_2021_2022,deer
250 meter buffer,-0.18441075761179965,+,0.040145014450131376,-0.004756961169687148,-0.11237215336308262,0.026772142236300457,0.21713823239053906,0.09355139137711449,-0.21631161038715396,-0.028926131550584086,0.194928004348819,0.061527845194360435,12,-595.6260500731023,1216.6767576804511,72.1809510043795,4.9516986615264e-17,osm_final_df_2021_2022,deer
